ine_code,ab_g,k,ncse_names
01009,0.04,1.0,ASPARRENA
01056,0.04,1.0,HARANA/VALLE DE ARANA
01061,0.04,1.0,ZALDUONDO
02002,0.05,1.0,ALATOZ
02004,0.07,1.0,ALBATANA
02006,0.05,1.0,ALCADOZO
02009,0.07,1.0,ALMANSA
02010,0.07,1.0,ALPERA
02011,0.05,1.0,AYNA
02013,0.04,1.0,BALSA DE VES
02018,0.07,1.0,BONETE
02020,0.05,1.0,CARCELÉN
02025,0.07,1.0,CAUDETE
02027,0.06,1.0,CORRAL RUBIO
02030,0.06,1.0,ELCHE DE LA SIERRA
02031,0.07,1.0,FÉREZ
02033,0.07,1.0,FUENTE ÁLAMO
02037,0.07,1.0,HELLÍN
02039,0.05,1.0,HIGUERUELA
02040,0.05,1.0,HOYA GONZALO
02042,0.06,1.0,LETUR
02044,0.06,1.0,LIÉTOR
02049,0.04,1.0,MOLINICOS
02051,0.07,1.0,MONTEALEGRE DEL CASTILLO
02055,0.05,1.0,NERPIO
02056,0.07,1.0,ONTUR
02061,0.06,1.0,PÉTROLA
02063,0.04,1.0,POZOHONDO
02072,0.07,1.0,SOCOVOS
02074,0.07,1.0,TOBARRA
02077,0.04,1.0,VILLA DE VES
02086,0.04,1.0,YESTE
03001,0.07,1.0,ADSUBIA
03002,0.11,1.0,AGOST
03003,0.07,1.0,AGRES
03004,0.11,1.0,AIGÜES
03005,0.15,1.0,ALBATERA
03006,0.07,1.0,ALCALALÍ
03007,0.07,1.0,ALCOCER DE PLANES
03008,0.08,1.0,ALCOLEJA
03009,0.07,1.0,ALCOY/ALCOI
03010,0.07,1.0,ALFAFARA
03011,0.08,1.0,"ALFÀS DEL PI, L'"
03012,0.16,1.0,ALGORFA
03013,0.12,1.0,ALGUEÑA
03014,0.14,1.0,ALICANTE/ALACANT
03015,0.16,1.0,ALMORADÍ
03016,0.07,1.0,ALMUDAINA
03017,0.07,1.0,"ALQUERIA D'ASNAR, L'"
03018,0.08,1.0,ALTEA
03019,0.13,1.0,ASPE
03020,0.07,1.0,BALONES
03021,0.07,1.0,BANYERES DE MARIOLA
03022,0.07,1.0,BENASAU
03023,0.07,1.0,BENEIXAMA
03024,0.16,1.0,BENEJÚZAR
03025,0.15,1.0,BENFERRI
03026,0.07,1.0,BENIARBEIG
03027,0.07,1.0,BENIARDÁ
03028,0.07,1.0,BENIARRÉS
03029,0.07,1.0,BENIGEMBLA
03030,0.07,1.0,BENIDOLEIG
03031,0.09,1.0,BENIDORM
03032,0.08,1.0,BENIFALLIM
03033,0.08,1.0,BENIFATO
03034,0.15,1.0,BENIJÓFAR
03035,0.07,1.0,BENILLOBA
03036,0.07,1.0,BENILLUP
03037,0.08,1.0,BENIMANTELL
03038,0.07,1.0,BENIMARFULL
03039,0.07,1.0,BENIMASSOT
03040,0.07,1.0,BENIMELI
03041,0.06,1.0,BENISSA
03042,0.05,1.0,"BENITACHELL/POBLE NOU DE BENITATXELL,EL"
03043,0.07,1.0,BIAR
03044,0.16,1.0,BIGASTRO
03045,0.07,1.0,BOLULLA
03046,0.11,1.0,BUSOT
03047,0.06,1.0,CALPE/CALP
03048,0.08,1.0,CALLOSA D'EN SARRIÀ
03049,0.16,1.0,CALLOSA DE SEGURA
03050,0.13,1.0,"CAMPELLO, EL"
03051,0.07,1.0,"CAMPO DE MIRRA/CAMP DE MIRRA, EL"
03052,0.07,1.0,CAÑADA
03053,0.08,1.0,CASTALLA
03054,0.07,1.0,CASTELL DE CASTELLS
03055,0.15,1.0,CATRAL
03056,0.07,1.0,COCENTAINA
03057,0.08,1.0,CONFRIDES
03058,0.16,1.0,COX
03059,0.15,1.0,CREVILLENT
03060,0.07,1.0,QUATRETONDETA
03061,0.16,1.0,DAYA NUEVA
03062,0.16,1.0,DAYA VIEJA
03063,0.06,1.0,DÉNIA
03064,0.16,1.0,DOLORES
03065,0.15,1.0,ELCHE/ELX
03066,0.09,1.0,ELDA
03067,0.07,1.0,FACHECA
03068,0.07,1.0,FAMORCA
03069,0.09,1.0,FINESTRAT
03070,0.15,1.0,FORMENTERA DEL SEGURA
03071,0.06,1.0,GATA DE GORGOS
03072,0.07,1.0,GAIANES
03073,0.07,1.0,GORGA
03074,0.15,1.0,GRANJA DE ROCAMORA
03075,0.07,1.0,GUADALEST
03076,0.15,1.0,GUARDAMAR DEL SEGURA
03077,0.13,1.0,HONDÓN DE LAS NIEVES
03078,0.14,1.0,HONDÓN DE LOS FRAILES
03079,0.08,1.0,IBI
03080,0.16,1.0,JACARILLA
03081,0.07,1.0,JALÓN/XALÓ
03082,0.05,1.0,JÁVEA/XÀBIA
03083,0.09,1.0,JIJONA/XIXONA
03084,0.07,1.0,"LORCHA/ORXA, L'"
03085,0.07,1.0,LLÍBER
03086,0.07,1.0,MILLENA
03088,0.12,1.0,MONFORTE DEL CID
03089,0.1,1.0,MONÓVAR/MONÒVER
03090,0.13,1.0,MUTXAMEL
03091,0.07,1.0,MURLA
03092,0.07,1.0,MURO DE ALCOY
03093,0.12,1.0,NOVELDA
03094,0.08,1.0,"NUCIA, LA"
03095,0.06,1.0,ONDARA
03096,0.07,1.0,ONIL
03097,0.07,1.0,ORBA
03098,0.09,1.0,ORXETA
03099,0.16,1.0,ORIHUELA
03100,0.07,1.0,PARCENT
03101,0.06,1.0,PEDREGUER
03102,0.07,1.0,PEGO
03103,0.07,1.0,PENÀGUILA
03104,0.09,1.0,PETRER
03105,0.09,1.0,PINOSO
03106,0.07,1.0,PLANES
03107,0.08,1.0,POLOP
03109,0.16,1.0,RAFAL
03110,0.07,1.0,"RÀFOL D'ALMÚNIA, EL"
03111,0.16,1.0,REDOVÁN
03112,0.08,1.0,RELLEU
03113,0.15,1.0,ROJALES
03114,0.11,1.0,"ROMANA, LA"
03115,0.07,1.0,SAGRA
03116,0.08,1.0,SALINAS
03117,0.07,1.0,SANET Y NEGRALS
03118,0.16,1.0,SAN FULGENCIO
03119,0.13,1.0,SANT JOAN D'ALACANT
03120,0.15,1.0,SAN MIGUEL DE SALINAS
03121,0.15,1.0,SANTA POLA
03122,0.13,1.0,SAN VICENTE DEL RASPEIG/ SANT VICENT DEL RASPEIG
03123,0.08,1.0,SAX
03124,0.08,1.0,SELLA
03125,0.06,1.0,SENIJA
03127,0.07,1.0,TÁRBENA
03128,0.06,1.0,TEULADA
03129,0.09,1.0,TIBI
03130,0.07,1.0,TOLLOS
03131,0.07,1.0,TORMOS
03132,0.08,1.0,"TORREMANZANAS/TORRE DE LES MAÇANES, LA"
03133,0.14,1.0,TORREVIEJA
03134,0.07,1.0,"VALL D'ALCALÀ, LA"
03135,0.07,1.0,VALL DE EBO
03136,0.07,1.0,VALL DE GALLINERA
03137,0.07,1.0,"VALL DE LAGUAR, LA"
03138,0.06,1.0,"VERGER, EL"
03139,0.11,1.0,"VILLAJOYOSA/VILA JOIOSA, LA"
03140,0.07,1.0,VILLENA
03901,0.06,1.0,"POBLETS, ELS"
03902,0.12,1.0,PILAR DE LA HORADADA
03903,0.15,1.0,"MONTESINOS, LOS"
03904,0.15,1.0,SAN ISIDRO
04001,0.14,1.0,ABLA
04002,0.14,1.0,ABRUCENA
04003,0.14,1.0,ADRA
04004,0.14,1.0,ALBÁNCHEZ
04005,0.14,1.0,ALBOLODUY
04006,0.14,1.0,ALBOX
04007,0.14,1.0,ALCOLEA
04008,0.14,1.0,ALCÓNTAR
04009,0.14,1.0,ALCUDIA DE MONTEAGUD
04010,0.14,1.0,ALHABIA
04011,0.14,1.0,ALHAMA DE ALMERÍA
04012,0.14,1.0,ALICÚN
04013,0.14,1.0,ALMERÍA
04014,0.14,1.0,ALMÓCITA
04015,0.14,1.0,ALSODUX
04016,0.14,1.0,ANTAS
04017,0.14,1.0,ARBOLEAS
04018,0.14,1.0,ARMUÑA DE ALMANZORA
04019,0.14,1.0,BACARES
04020,0.14,1.0,BAYÁRCAL
04021,0.14,1.0,BAYARQUE
04022,0.14,1.0,BÉDAR
04023,0.14,1.0,BEIRES
04024,0.14,1.0,BENAHADUX
04026,0.14,1.0,BENITAGLA
04027,0.14,1.0,BENIZALÓN
04028,0.14,1.0,BENTARIQUE
04029,0.14,1.0,BERJA
04030,0.14,1.0,CANJÁYAR
04031,0.14,1.0,CANTORIA
04032,0.12,1.0,CARBONERAS
04033,0.14,1.0,CASTRO DE FILABRES
04034,0.14,1.0,CÓBDAR
04035,0.14,1.0,CUEVAS DEL ALMANZORA
04036,0.14,1.0,CHERCOS
04037,0.14,1.0,CHIRIVEL
04038,0.14,1.0,DALÍAS
04041,0.14,1.0,ENIX
04043,0.14,1.0,FELIX
04044,0.14,1.0,FINES
04045,0.14,1.0,FIÑANA
04046,0.14,1.0,FONDÓN
04047,0.14,1.0,GÁDOR
04048,0.14,1.0,"GALLARDOS, LOS"
04049,0.13,1.0,GARRUCHA
04050,0.14,1.0,GERGAL
04051,0.14,1.0,HUÉCIJA
04052,0.14,1.0,HUÉRCAL DE ALMERÍA
04053,0.14,1.0,HUÉRCAL OVERA
04054,0.14,1.0,ILLAR
04055,0.14,1.0,INSTINCIÓN
04056,0.14,1.0,LAROYA
04057,0.14,1.0,LÁUJAR DE ANDARAX
04058,0.14,1.0,LÍJAR
04059,0.14,1.0,LUBRÍN
04060,0.14,1.0,LUCAINENA DE LAS TORRES
04061,0.14,1.0,LÚCAR
04062,0.14,1.0,MACAEL
04063,0.13,1.0,MARÍA
04064,0.13,1.0,MOJÁCAR
04065,0.14,1.0,NACIMIENTO
04066,0.14,1.0,NÍJAR
04067,0.14,1.0,OHANES
04068,0.14,1.0,OLULA DE CASTRO
04069,0.14,1.0,OLULA DEL RÍO
04070,0.14,1.0,ORIA
04071,0.14,1.0,PADULES
04072,0.14,1.0,PARTALOA
04073,0.14,1.0,PATERNA DEL RÍO
04074,0.14,1.0,PECHINA
04075,0.13,1.0,PULPÍ
04076,0.14,1.0,PURCHENA
04077,0.14,1.0,RÁGOL
04078,0.14,1.0,RIOJA
04079,0.13,1.0,ROQUETAS DE MAR
04080,0.14,1.0,SANTA CRUZ DE MARCHENA
04081,0.14,1.0,SANTA FE DE MONDÚJAR
04082,0.14,1.0,SENÉS
04083,0.14,1.0,SERÓN
04084,0.14,1.0,SIERRO
04085,0.14,1.0,SOMONTÍN
04086,0.14,1.0,SORBAS
04087,0.14,1.0,SUFLÍ
04088,0.14,1.0,TABERNAS
04089,0.14,1.0,TABERNO
04090,0.14,1.0,TAHAL
04091,0.14,1.0,TERQUE
04092,0.14,1.0,TÍJOLA
04093,0.13,1.0,TURRE
04094,0.14,1.0,TURRILLAS
04095,0.14,1.0,ULEILA DEL CAMPO
04096,0.14,1.0,URRÁCAL
04097,0.14,1.0,VELEFIQUE
04098,0.13,1.0,VÉLEZ BLANCO
04099,0.13,1.0,VÉLEZ RUBIO
04100,0.14,1.0,VERA
04101,0.14,1.0,VIATOR
04102,0.14,1.0,VÍCAR
04103,0.14,1.0,ZURGENA
04901,0.14,1.0,"TRES VILLAS, LAS"
04902,0.14,1.0,"EJIDO, EL"
04903,0.13,1.0,"MOJONERA, LA"
06002,0.04,1.3,ACEUCHAL
06005,0.05,1.3,"ALBUERA, LA"
06006,0.04,1.3,ALBURQUERQUE
06007,0.06,1.3,ALCONCHEL
06008,0.04,1.3,ALCONERA
06010,0.05,1.3,ALMENDRAL
06013,0.05,1.3,ATALAYA
06015,0.05,1.3,BADAJOZ
06016,0.05,1.3,BARCARROTA
06020,0.04,1.3,BIENVENIDA
06021,0.05,1.3,BODONAL DE LA SIERRA
06022,0.05,1.3,BURGUILLOS DEL CERRO
06024,0.05,1.3,CABEZA LA VACA
06026,0.05,1.3,CALERA DE LEÓN
06027,0.04,1.3,CALZADILLA DE LOS BARROS
06034,0.04,1.2,CASAS DE REINA
06037,0.04,1.3,"CODOSERA, LA"
06040,0.04,1.3,CORTE DE PELEAS
06042,0.07,1.2,CHELES
06045,0.04,1.3,ENTRÍN BAJO
06049,0.04,1.3,FERIA
06050,0.05,1.3,FREGENAL DE LA SIERRA
06052,0.04,1.3,FUENTE DE CANTOS
06053,0.04,1.2,FUENTE DEL ARCO
06054,0.04,1.3,FUENTE DEL MAESTRE
06055,0.05,1.3,FUENTES DE LEÓN
06066,0.06,1.3,HIGUERA DE VARGAS
06067,0.06,1.3,HIGUERA LA REAL
06070,0.05,1.3,JEREZ DE LOS CABALLEROS
06071,0.04,1.3,"LAPA, LA"
06072,0.04,1.3,LOBÓN
06074,0.04,1.3,LLERENA
06077,0.04,1.2,MALCOCINADO
06081,0.04,1.3,MEDINA DE LAS TORRES
06085,0.04,1.3,MONESTERIO
06086,0.04,1.3,MONTEMOLÍN
06089,0.05,1.3,"MORERA, LA"
06092,0.05,1.3,NOGALES
06093,0.06,1.3,OLIVA DE LA FRONTERA
06095,0.05,1.3,OLIVENZA
06099,0.05,1.3,"PARRA, LA"
06103,0.04,1.3,PUEBLA DE LA CALZADA
06105,0.04,1.2,PUEBLA DEL MAESTRE
06108,0.04,1.3,PUEBLA DE SANCHO PÉREZ
06110,0.04,1.2,REINA
06115,0.05,1.3,ROCA DE LA SIERRA
06116,0.05,1.3,SALVALEÓN
06117,0.05,1.3,SALVATIERRA DE LOS BARROS
06121,0.04,1.3,SANTA MARTA
06122,0.04,1.3,"SANTOS DE MAIMONA, LOS"
06123,0.04,1.2,SAN VICENTE DE ALCÁNTARA
06124,0.05,1.3,SEGURA DE LEÓN
06126,0.04,1.3,SOLANA DE LOS BARROS
06128,0.04,1.3,TALAVERA LA REAL
06129,0.06,1.3,TÁLIGA
06131,0.05,1.3,TORRE DE MIGUEL SESMERO
06134,0.04,1.2,TRASIERRA
06136,0.04,1.3,USAGRE
06140,0.08,1.2,VALENCIA DEL MOMBUEY
06141,0.05,1.3,VALENCIA DEL VENTOSO
06142,0.05,1.3,VALVERDE DE BURGUILLOS
06143,0.05,1.3,VALVERDE DE LEGANÉS
06147,0.05,1.3,VALLE DE MATAMOROS
06148,0.05,1.3,VALLE DE SANTA ANA
06149,0.04,1.3,VILLAFRANCA DE LOS BARROS
06150,0.04,1.3,VILLAGARCÍA DE LA TORRE
06152,0.04,1.3,VILLALBA DE LOS BARROS
06154,0.07,1.2,VILLANUEVA DEL FRESNO
06155,0.05,1.3,VILLAR DEL REY
06158,0.04,1.3,ZAFRA
06159,0.06,1.3,ZAHÍNOS
06901,0.04,1.3,VALDELACALZADA
06902,0.05,1.3,PUEBLONUEVO DEL GUADIANA
07001,0.04,1.0,ALARÓ
07002,0.04,1.0,ALAIOR
07003,0.04,1.0,ALCÚDIA
07004,0.04,1.0,ALGAIDA
07005,0.04,1.0,ANDRATX
07006,0.04,1.0,ARTÀ
07007,0.04,1.0,BANYALBUFAR
07008,0.04,1.0,BINISSALEM
07009,0.04,1.0,BÚGER
07010,0.04,1.0,BUNYOLA
07011,0.04,1.0,CALVIÀ
07012,0.04,1.0,CAMPANET
07013,0.04,1.0,CAMPOS
07014,0.04,1.0,CAPDEPERA
07015,0.04,1.0,CIUTADELLA DE MENORCA
07016,0.04,1.0,CONSELL
07017,0.04,1.0,COSTITX
07018,0.04,1.0,DEYÁ
07019,0.04,1.0,ESCORCA
07020,0.04,1.0,ESPORLES
07021,0.04,1.0,ESTELLENCS
07022,0.04,1.0,FELANITX
07023,0.04,1.0,FERRERIES
07024,0.04,1.0,FORMENTERA
07025,0.04,1.0,FORNALUTX
07026,0.04,1.0,EIVISSA
07027,0.04,1.0,INCA
07028,0.04,1.0,LLORET DE VISTAALEGRE
07029,0.04,1.0,LLOSETA
07030,0.04,1.0,LLUBÍ
07031,0.04,1.0,LLUCMAJOR
07032,0.04,1.0,MAHÓN
07033,0.04,1.0,MANACOR
07034,0.04,1.0,MANCOR DE LA VALL
07035,0.04,1.0,MARIA DE LA SALUT
07036,0.04,1.0,MARRATXÍ
07037,0.04,1.0,"MERCADAL, ES"
07038,0.04,1.0,MONTUÏRI
07039,0.04,1.0,MURO
07040,0.04,1.0,PALMA DE MALLORCA
07041,0.04,1.0,PETRA
07042,0.04,1.0,POLLENÇA
07043,0.04,1.0,PORRERES
07044,0.04,1.0,"POBLA, SA"
07045,0.04,1.0,PUIGPUNYENT
07046,0.04,1.0,SANT ANTONI DE PORTMANY
07047,0.04,1.0,SENCELLES
07048,0.04,1.0,SAN JOSÉ
07049,0.04,1.0,SANT JOAN
07050,0.04,1.0,SANT JOAN DE LABRITJA
07051,0.04,1.0,SANT LLORENÇ DES CARDASSAR
07052,0.04,1.0,SANT LLUÍS
07053,0.04,1.0,SANTA EUGÈNIA
07054,0.04,1.0,SANTA EULALIA DEL RÍO
07055,0.04,1.0,SANTA MARGALIDA
07056,0.04,1.0,SANTA MARÍA DEL CAMÍ
07057,0.04,1.0,SANTANYÍ
07058,0.04,1.0,SELVA
07059,0.04,1.0,"SALINES, SES"
07060,0.04,1.0,SINEU
07061,0.04,1.0,SÓLLER
07062,0.04,1.0,SON SERVERA
07063,0.04,1.0,VALLDEMOSA
07064,0.04,1.0,"CASTELL, ES"
07065,0.04,1.0,VILAFRANCA DE BONANY
07901,0.04,1.0,ARIANY
07902,0.04,1.0,"MIGJORN GRAN, ES"
08001,0.04,1.0,ABRERA
08003,0.04,1.0,ALELLA
08004,0.08,1.0,ALPENS
08005,0.04,1.0,"AMETLLA DEL VALLÈS, L'"
08006,0.04,1.0,ARENYS DE MAR
08007,0.04,1.0,ARENYS DE MUNT
08009,0.04,1.0,ARGENTONA
08010,0.04,1.0,ARTÉS
08011,0.05,1.0,AVIÀ
08012,0.04,1.0,AVINYÓ
08013,0.04,1.0,AVINYONET DEL PENEDÈS
08014,0.05,1.0,AIGUAFREDA
08015,0.04,1.0,BADALONA
08016,0.07,1.0,BAGÀ
08017,0.05,1.0,BALENYÀ
08018,0.04,1.0,BALSARENY
08019,0.04,1.0,BARCELONA
08020,0.04,1.0,BEGUES
08021,0.04,1.0,BELLPRAT
08022,0.05,1.0,BERGA
08023,0.04,1.0,BIGUES I RIELLS
08024,0.07,1.0,BORREDÀ
08025,0.04,1.0,"BRUC, EL"
08026,0.05,1.0,"BRULL, EL"
08027,0.04,1.0,"CABANYES, LES"
08028,0.04,1.0,CABRERA D'IGUALADA
08029,0.04,1.0,CABRERA DE MAR
08030,0.04,1.0,CABRILS
08032,0.04,1.0,CALDES D'ESTRAC
08033,0.04,1.0,CALDES DE MONTBUI
08034,0.04,1.0,CALDERS
08035,0.04,1.0,CALELLA
08037,0.06,1.0,CALLDETENES
08039,0.05,1.0,CAMPINS
08040,0.04,1.0,CANET DE MAR
08041,0.04,1.0,CANOVELLES
08042,0.05,1.0,CÀNOVES I SAMALÚS
08043,0.04,1.0,CANYELLES
08044,0.04,1.0,CAPELLADES
08045,0.04,1.0,CAPOLAT
08046,0.04,1.0,CARDEDEU
08048,0.04,1.0,CARME
08049,0.04,1.0,CASSERRES
08050,0.05,1.0,CASTELLAR DEL RIU
08051,0.04,1.0,CASTELLAR DEL VALLÈS
08052,0.08,1.0,CASTELLAR DE N'HUG
08053,0.04,1.0,CASTELLBELL I EL VILAR
08054,0.04,1.0,CASTELLBISBAL
08055,0.04,1.0,CASTELLCIR
08056,0.04,1.0,CASTELLDEFELS
08057,0.07,1.0,CASTELL DE L'ARENY
08058,0.04,1.0,CASTELLET I LA GORNAL
08059,0.04,1.0,CASTELLFOLLIT DEL BOIX
08061,0.04,1.0,CASTELLGALÍ
08063,0.04,1.0,CASTELLOLÍ
08064,0.04,1.0,CASTELLTERÇOL
08065,0.04,1.0,CASTELLVÍ DE LA MARCA
08066,0.04,1.0,CASTELLVÍ DE ROSANES
08067,0.05,1.0,CENTELLES
08068,0.04,1.0,CERVELLÓ
08069,0.04,1.0,COLLBATÓ
08070,0.05,1.0,COLLSUSPINA
08072,0.04,1.0,CORBERA DE LLOBREGAT
08073,0.04,1.0,CORNELLÀ DE LLOBREGAT
08074,0.04,1.0,CUBELLES
08075,0.04,1.0,DOSRIUS
08076,0.04,1.0,ESPARREGUERA
08077,0.04,1.0,ESPLUGUES DE LLOBREGAT
08078,0.04,1.0,"ESPUNYOLA, L'"
08079,0.05,1.0,"ESTANY, L'"
08080,0.06,1.0,FÍGOLS
08081,0.05,1.0,FOGARS DE MONTCLÚS
08082,0.05,1.0,FOGARS DE LA SELVA
08083,0.07,1.0,FOLGUEROLES
08085,0.04,1.0,FONT RUBÍ
08086,0.04,1.0,"FRANQUESES DEL VALLÈS, LES"
08087,0.04,1.0,GALLIFA
08088,0.04,1.0,"GARRIGA, LA"
08089,0.04,1.0,GAVÀ
08090,0.04,1.0,GAIÀ
08091,0.04,1.0,GELIDA
08092,0.04,1.0,GIRONELLA
08093,0.06,1.0,GISCLARENY
08094,0.04,1.0,"GRANADA, LA"
08095,0.04,1.0,GRANERA
08096,0.04,1.0,GRANOLLERS
08097,0.05,1.0,GUALBA
08098,0.04,1.0,SANT SALVADOR DE GUARDIOLA
08099,0.07,1.0,GUARDIOLA DE BERGUEDÀ
08100,0.06,1.0,GURB
08101,0.04,1.0,"HOSPITALET DE LLOBREGAT, L'"
08102,0.04,1.0,IGUALADA
08103,0.04,1.0,JORBA
08104,0.04,1.0,"LLACUNA, LA"
08105,0.04,1.0,"LLAGOSTA, LA"
08106,0.04,1.0,LLINARS DEL VALLÈS
08107,0.04,1.0,LLIÇÀ D'AMUNT
08108,0.04,1.0,LLIÇÀ DE VALL
08109,0.06,1.0,LLUÇÀ
08110,0.04,1.0,MALGRAT DE MAR
08111,0.05,1.0,MALLA
08112,0.08,1.0,MANLLEU
08113,0.04,1.0,MANRESA
08114,0.04,1.0,MARTORELL
08115,0.04,1.0,MARTORELLES
08116,0.08,1.0,"MASIES DE RODA, LES"
08117,0.08,1.0,"MASIES DE VOLTREGÀ, LES"
08118,0.04,1.0,"MASNOU, EL"
08119,0.04,1.0,MASQUEFA
08120,0.04,1.0,MATADEPERA
08121,0.04,1.0,MATARÓ
08122,0.05,1.0,MEDIONA | SANT JOAN DE MEDIONA
08123,0.04,1.0,MOLINS DE REI
08124,0.04,1.0,MOLLET DEL VALLÈS
08125,0.04,1.0,MONTCADA I REIXAC
08126,0.04,1.0,MONTGAT
08127,0.04,1.0,MONISTROL DE MONTSERRAT
08128,0.04,1.0,MONISTROL DE CALDERS
08129,0.05,1.0,MUNTANYOLA
08130,0.04,1.0,MONTCLAR
08131,0.09,1.0,MONTESQUIU
08134,0.04,1.0,FIGARÓ MONTMANY
08135,0.04,1.0,MONTMELÓ
08136,0.04,1.0,MONTORNÈS DEL VALLÈS
08137,0.05,1.0,MONTSENY
08138,0.04,1.0,MOIÀ
08139,0.04,1.0,MURA
08140,0.04,1.0,NAVARCLES
08142,0.06,1.0,"NOU DE BERGUEDÀ, LA"
08143,0.04,1.0,ÒDENA
08144,0.05,1.0,OLVAN
08145,0.04,1.0,OLÈRDOLA
08146,0.04,1.0,OLESA DE BONESVALLS
08147,0.04,1.0,OLESA DE MONTSERRAT
08148,0.04,1.0,OLIVELLA
08149,0.05,1.0,OLOST
08150,0.08,1.0,ORÍS
08151,0.05,1.0,ORISTÀ
08152,0.04,1.0,ORPÍ
08153,0.04,1.0,ÒRRIUS
08154,0.04,1.0,PACS DEL PENEDÈS
08155,0.04,1.0,PALAFOLLS
08156,0.04,1.0,PALAU SOLITÀ I PLEGAMANS
08157,0.04,1.0,PALLEJÀ
08158,0.04,1.0,"PAPIOL, EL"
08159,0.04,1.0,PARETS DEL VALLÈS
08160,0.06,1.0,PERAFITA
08161,0.04,1.0,PIERA
08162,0.04,1.0,"HOSTALETS DE PIEROLA, ELS"
08163,0.04,1.0,PINEDA DE MAR
08164,0.04,1.0,"PLA DEL PENEDÈS, EL"
08165,0.04,1.0,"POBLA DE CLARAMUNT, LA"
08166,0.08,1.0,"POBLA DE LILLET, LA"
08167,0.04,1.0,POLINYÀ
08168,0.04,1.0,PONTONS
08169,0.04,1.0,"PRAT DE LLOBREGAT, EL"
08171,0.05,1.0,PRATS DE LLUÇANÈS
08172,0.04,1.0,PREMIÀ DE MAR
08174,0.04,1.0,PUIGDÀLBER
08175,0.04,1.0,PUIG REIG
08177,0.06,1.0,"QUAR, LA"
08179,0.04,1.0,RELLINARS
08180,0.04,1.0,RIPOLLET
08181,0.04,1.0,"ROCA DEL VALLÈS, LA"
08182,0.04,1.0,"PONT DE VILOMARA I ROCAFORT, EL"
08183,0.08,1.0,RODA DE TER
08184,0.04,1.0,RUBÍ
08185,0.04,1.0,RUBIÓ
08187,0.04,1.0,SABADELL
08188,0.05,1.0,SAGÀS
08190,0.06,1.0,SALDES
08191,0.04,1.0,SALLENT
08192,0.04,1.0,SANTPEDOR
08193,0.04,1.0,SANT ISCLE DE VALLALTA
08194,0.04,1.0,SANT ADRIÀ DE BESÒS
08195,0.07,1.0,SANT AGUSTÍ DE LLUÇANÈS
08196,0.04,1.0,SANT ANDREU DE LA BARCA
08197,0.04,1.0,SANT ANDREU DE LLAVANERES
08198,0.04,1.0,SANT ANTONI DE VILAMAJOR
08199,0.06,1.0,SANT BARTOMEU DEL GRAU
08200,0.04,1.0,SANT BOI DE LLOBREGAT
08201,0.07,1.0,SANT BOI DE LLUÇANÈS
08202,0.05,1.0,SANT CELONI
08203,0.04,1.0,SANT CEBRIÀ DE VALLALTA
08204,0.04,1.0,SANT CLIMENT DE LLOBREGAT
08205,0.04,1.0,SANT CUGAT DEL VALLÈS
08206,0.04,1.0,SANT CUGAT SESGARRIGUES
08207,0.05,1.0,SANT ESTEVE DE PALAUTORDERA
08208,0.04,1.0,SANT ESTEVE SESROVIRES
08209,0.04,1.0,SANT FOST DE CAMPSENTELLES
08210,0.04,1.0,SANT FELIU DE CODINES
08211,0.04,1.0,SANT FELIU DE LLOBREGAT
08212,0.04,1.0,SANT FELIU SASSERRA
08213,0.04,1.0,SANT FRUITÓS DE BAGES
08214,0.04,1.0,VILASSAR DE DALT
08215,0.07,1.0,SANT HIPÒLIT DE VOLTREGÀ
08216,0.08,1.0,SANT JAUME DE FRONTANYÀ
08217,0.04,1.0,SANT JOAN DESPÍ
08218,0.04,1.0,SANT JOAN DE VILATORRADA
08219,0.04,1.0,VILASSAR DE MAR
08220,0.06,1.0,SANT JULIÀ DE VILATORTA
08221,0.04,1.0,SANT JUST DESVERN
08222,0.04,1.0,SANT LLORENÇ D'HORTONS
08223,0.04,1.0,SANT LLORENÇ SAVALL
08224,0.05,1.0,SANT MARTÍ DE CENTELLES
08225,0.06,1.0,SANT MARTÍ D'ALBARS
08226,0.04,1.0,SANT MARTÍ DE TOUS
08227,0.04,1.0,SANT MARTÍ SARROCA
08230,0.04,1.0,PREMIÀ DE DALT
08231,0.04,1.0,SANT PERE DE RIBES
08232,0.04,1.0,SANT PERE DE RIUDEBITLLES
08233,0.09,1.0,SANT PERE DE TORELLÓ
08234,0.05,1.0,SANT PERE DE VILAMAJOR
08235,0.04,1.0,SANT POL DE MAR
08236,0.04,1.0,SANT QUINTÍ DE MEDIONA
08237,0.09,1.0,SANT QUIRZE DE BESORA
08238,0.04,1.0,SANT QUIRZE DEL VALLÈS
08239,0.04,1.0,SANT QUIRZE SAFAJA
08240,0.04,1.0,SANT SADURNÍ D'ANOIA
08241,0.06,1.0,SANT SADURNÍ D'OSORMORT
08242,0.04,1.0,MARGANELL
08243,0.07,1.0,SANTA CECÍLIA DE VOLTREGÀ
08244,0.04,1.0,SANTA COLOMA DE CERVELLÓ
08245,0.04,1.0,SANTA COLOMA DE GRAMENET
08246,0.06,1.0,SANTA EUGÈNIA DE BERGA
08247,0.05,1.0,SANTA EULÀLIA DE RIUPRIMER
08248,0.04,1.0,SANTA EULÀLIA DE RONÇANA
08249,0.04,1.0,SANTA FE DEL PENEDÈS
08250,0.04,1.0,SANTA MARGARIDA DE MONTBUI
08251,0.04,1.0,SANTA MARGARIDA I ELS MONJOS
08252,0.04,1.0,BARBERÀ DEL VALLÈS
08253,0.09,1.0,SANTA MARIA DE BESORA
08254,0.09,1.0,SANTA MARIA DE CORCÓ
08255,0.05,1.0,SANTA MARIA DE MERLÈS
08256,0.04,1.0,SANTA MARIA DE MARTORELLES
08257,0.04,1.0,SANTA MARIA DE MIRALLES
08258,0.04,1.0,SANTA MARIA D'OLÓ
08259,0.05,1.0,SANTA MARIA DE PALAUTORDERA
08260,0.04,1.0,SANTA PERPÈTUA DE MOGODA
08261,0.04,1.0,SANTA SUSANNA
08262,0.04,1.0,SANT VICENÇ DE CASTELLET
08263,0.04,1.0,SANT VICENÇ DELS HORTS
08264,0.04,1.0,SANT VICENÇ DE MONTALT
08265,0.09,1.0,SANT VICENÇ DE TORELLÓ
08266,0.04,1.0,CERDANYOLA DEL VALLÈS
08267,0.04,1.0,SENTMENAT
08268,0.06,1.0,CERCS
08269,0.05,1.0,SEVA
08270,0.04,1.0,SITGES
08271,0.07,1.0,SOBREMUNT
08272,0.08,1.0,SORA
08273,0.04,1.0,SUBIRATS
08275,0.07,1.0,TAVÈRNOLES
08276,0.05,1.0,TAGAMANENT
08277,0.04,1.0,TALAMANCA
08278,0.05,1.0,TARADELL
08279,0.04,1.0,TERRASSA
08280,0.08,1.0,TAVERTET
08281,0.04,1.0,TEIÀ
08282,0.04,1.0,TIANA
08283,0.05,1.0,TONA
08284,0.05,1.0,TORDERA
08285,0.08,1.0,TORELLÓ
08286,0.04,1.0,"TORRE DE CLARAMUNT, LA"
08287,0.04,1.0,TORRELAVIT
08288,0.04,1.0,TORRELLES DE FOIX
08289,0.04,1.0,TORRELLES DE LLOBREGAT
08290,0.04,1.0,ULLASTRELL
08291,0.04,1.0,VACARISSES
08292,0.04,1.0,VALLBONA D'ANOIA
08293,0.06,1.0,VALLCEBRE
08294,0.04,1.0,VALLGORGUINA
08295,0.04,1.0,VALLIRANA
08296,0.04,1.0,VALLROMANES
08298,0.06,1.0,VIC
08299,0.06,1.0,VILADA
08300,0.04,1.0,VILADECAVALLS
08301,0.04,1.0,VILADECANS
08302,0.04,1.0,VILANOVA DEL CAMÍ
08303,0.07,1.0,VILANOVA DE SAU
08304,0.04,1.0,VILOBÍ DEL PENEDÈS
08305,0.04,1.0,VILAFRANCA DEL PENEDÈS
08306,0.04,1.0,VILALBA SASSERRA
08307,0.04,1.0,VILANOVA I LA GELTRÚ
08901,0.09,1.0,RUPIT I PRUIT
08902,0.04,1.0,VILANOVA DEL VALLÈS
08903,0.07,1.0,SANT JULIÀ DE CERDANYOLA
08904,0.04,1.0,BADIA DEL VALLÈS
08905,0.04,1.0,"PALMA DE CERVELLÓ, LA"
10046,0.04,1.2,CARBAJO
10062,0.07,1.1,CEDILLO
10094,0.06,1.1,HERRERA DE ALCÁNTARA
10119,0.04,1.2,MEMBRÍO
10162,0.04,1.2,SALORINO
10169,0.04,1.2,SANTIAGO DE ALCÁNTARA
10203,0.04,1.2,VALENCIA DE ALCÁNTARA
11001,0.05,1.2,ALCALÁ DE LOS GAZULES
11002,0.08,1.0,ALCALÁ DEL VALLE
11003,0.06,1.1,ALGAR
11004,0.04,1.2,ALGECIRAS
11005,0.08,1.0,ALGODONALES
11006,0.06,1.1,ARCOS DE LA FRONTERA
11007,0.05,1.2,BARBATE
11008,0.04,1.2,"BARRIOS, LOS"
11009,0.07,1.0,BENAOCAZ
11010,0.07,1.1,BORNOS
11011,0.07,1.0,"BOSQUE, EL"
11012,0.07,1.3,CÁDIZ
11013,0.05,1.1,CASTELLAR DE LA FRONTERA
11014,0.05,1.2,CONIL DE LA FRONTERA
11015,0.05,1.3,CHICLANA DE LA FRONTERA
11016,0.08,1.2,CHIPIONA
11017,0.07,1.1,ESPERA
11018,0.08,1.0,"GASTOR, EL"
11019,0.08,1.0,GRAZALEMA
11020,0.06,1.2,JEREZ DE LA FRONTERA
11021,0.06,1.1,JIMENA DE LA FRONTERA
11022,0.04,1.1,"LÍNEA DE LA CONCEPCIÓN, LA"
11023,0.05,1.2,MEDINA SIDONIA
11024,0.08,1.0,OLVERA
11025,0.05,1.2,PATERNA DE RIVERA
11026,0.08,1.0,PRADO DEL REY
11027,0.06,1.3,"PUERTO DE SANTA MARÍA, EL"
11028,0.06,1.3,PUERTO REAL
11029,0.08,1.0,PUERTO SERRANO
11030,0.07,1.2,ROTA
11031,0.06,1.3,SAN FERNANDO
11032,0.07,1.2,SANLÚCAR DE BARRAMEDA
11033,0.04,1.1,SAN ROQUE
11034,0.08,1.0,SETENIL DE LAS BODEGAS
11035,0.04,1.2,TARIFA
11036,0.08,1.0,TORRE ALHÁQUIME
11037,0.07,1.2,TREBUJENA
11038,0.07,1.1,UBRIQUE
11039,0.05,1.2,VEJER DE LA FRONTERA
11040,0.07,1.0,VILLALUENGA DEL ROSARIO
11041,0.08,1.0,VILLAMARTÍN
11042,0.08,1.0,ZAHARA
11901,0.05,1.2,BENALUP CASAS VIEJAS
11902,0.05,1.1,SAN JOSÉ DEL VALLE
14001,0.05,1.1,ADAMUZ
14002,0.06,1.0,AGUILAR DE LA FRONTERA
14004,0.1,1.0,ALMEDINILLA
14005,0.05,1.1,ALMODÓVAR DEL RÍO
14007,0.07,1.0,BAENA
14010,0.08,1.0,BENAMEJÍ
14012,0.06,1.0,BUJALANCE
14013,0.07,1.0,CABRA
14014,0.06,1.0,CAÑETE DE LAS TORRES
14015,0.09,1.0,CARCABUEY
14017,0.06,1.1,"CARLOTA, LA"
14018,0.05,1.0,"CARPIO, EL"
14019,0.06,1.0,CASTRO DEL RÍO
14021,0.05,1.1,CÓRDOBA
14022,0.07,1.0,DOÑA MENCÍA
14024,0.08,1.0,ENCINAS REALES
14025,0.06,1.0,ESPEJO
14027,0.06,1.0,FERNÁN NÚÑEZ
14030,0.06,1.1,FUENTE PALMERA
14031,0.09,1.0,FUENTE TÓJAR
14033,0.06,1.1,GUADALCÁZAR
14036,0.05,1.1,HORNACHUELOS
14037,0.1,1.0,IZNÁJAR
14038,0.08,1.0,LUCENA
14039,0.07,1.0,LUQUE
14040,0.06,1.0,MONTALBÁN DE CÓRDOBA
14041,0.06,1.0,MONTEMAYOR
14042,0.06,1.0,MONTILLA
14043,0.05,1.0,MONTORO
14044,0.07,1.0,MONTURQUE
14045,0.07,1.0,MORILES
14046,0.06,1.0,NUEVA CARTEYA
14047,0.04,1.1,OBEJO
14048,0.08,1.0,PALENCIANA
14049,0.06,1.1,PALMA DEL RÍO
14050,0.05,1.0,PEDRO ABAD
14053,0.06,1.1,POSADAS
14055,0.09,1.0,PRIEGO DE CÓRDOBA
14056,0.06,1.0,PUENTE GENIL
14057,0.06,1.0,"RAMBLA, LA"
14058,0.09,1.0,RUTE
14059,0.06,1.0,SAN SEBASTIÁN DE LOS BALLESTEROS
14060,0.06,1.0,SANTAELLA
14063,0.06,1.0,VALENZUELA
14065,0.06,1.0,"VICTORIA, LA"
14066,0.05,1.0,VILLA DEL RÍO
14067,0.05,1.0,VILLAFRANCA DE CÓRDOBA
14068,0.04,1.1,VILLAHARTA
14073,0.04,1.1,VILLAVICIOSA DE CÓRDOBA
14075,0.07,1.0,ZUHEROS
15046,0.04,1.0,MELIDE
15079,0.04,1.0,SANTISO
15083,0.04,1.0,TOQUES
17001,0.09,1.0,AGULLANA
17002,0.07,1.0,AIGUAVIVA
17003,0.1,1.0,ALBANYÀ
17004,0.07,1.0,ALBONS
17005,0.08,1.0,"FAR D'EMPORDÀ, EL"
17006,0.07,1.0,ALP
17007,0.09,1.0,AMER
17008,0.08,1.0,ANGLÈS
17009,0.05,1.0,ARBÚCIES
17010,0.1,1.0,ARGELAGUER
17011,0.08,1.0,"ARMENTERA, L'"
17012,0.09,1.0,AVINYONET DE PUIGVENTÓS
17013,0.05,1.0,BEGUR
17014,0.09,1.0,"VAJOL, LA"
17015,0.1,1.0,BANYOLES
17016,0.09,1.0,BÀSCARA
17018,0.07,1.0,BELLCAIRE D'EMPORDÀ
17019,0.1,1.0,BESALÚ
17020,0.08,1.0,BESCANÓ
17021,0.1,1.0,BEUDA
17022,0.06,1.0,"BISBAL D'EMPORDÀ, LA"
17023,0.04,1.0,BLANES
17024,0.07,1.0,BOLVIR
17025,0.09,1.0,BORDILS
17026,0.09,1.0,BORRASSÀ
17027,0.05,1.0,BREDA
17028,0.07,1.0,BRUNYOLA
17029,0.09,1.0,BOADELLA D'EMPORDÀ
17030,0.08,1.0,CABANES
17031,0.1,1.0,CABANELLES
17032,0.05,1.0,CADAQUÉS
17033,0.05,1.0,CALDES DE MALAVELLA
17034,0.05,1.0,CALONGE
17035,0.1,1.0,CAMÓS
17036,0.09,1.0,CAMPDEVÀNOL
17037,0.1,1.0,CAMPELLES
17038,0.06,1.0,CAMPLLONG
17039,0.11,1.0,CAMPRODON
17040,0.09,1.0,CANET D'ADRI
17041,0.08,1.0,CANTALLOPS
17042,0.08,1.0,CAPMANY
17043,0.1,1.0,QUERALBS
17044,0.06,1.0,CASSÀ DE LA SELVA
17046,0.11,1.0,CASTELLFOLLIT DE LA ROCA
17047,0.08,1.0,CASTELLÓ D'EMPÚRIES
17048,0.05,1.0,CASTELL PLATJA D'ARO
17049,0.09,1.0,CELRÀ
17050,0.09,1.0,CERVIÀ DE TER
17051,0.1,1.0,CISTELLA
17052,0.08,1.0,SIURANA
17054,0.06,1.0,COLERA
17055,0.08,1.0,COLOMERS
17056,0.1,1.0,CORNELLÀ DEL TERRI
17057,0.07,1.0,CORÇÀ
17058,0.1,1.0,CRESPIÀ
17060,0.09,1.0,DARNIUS
17061,0.07,1.0,DAS
17062,0.07,1.0,"ESCALA, L'"
17063,0.06,1.0,ESPINELVES
17064,0.08,1.0,ESPOLLA
17065,0.1,1.0,ESPONELLÀ
17066,0.09,1.0,FIGUERES
17067,0.08,1.0,FLAÇÀ
17068,0.08,1.0,FOIXÀ
17069,0.08,1.0,FONTANALS DE CERDANYA
17070,0.06,1.0,FONTANILLES
17071,0.1,1.0,FONTCOBERTA
17073,0.07,1.0,FORNELLS DE LA SELVA
17074,0.08,1.0,FORTIÀ
17075,0.09,1.0,GARRIGÀS
17076,0.08,1.0,GARRIGOLES
17077,0.07,1.0,GARRIGUELLA
17078,0.07,1.0,GER
17079,0.08,1.0,GIRONA
17080,0.09,1.0,GOMBRÈN
17081,0.07,1.0,GUALTA
17082,0.07,1.0,GUILS DE CERDANYA
17083,0.05,1.0,HOSTALRIC
17084,0.07,1.0,ISÒVOL
17085,0.08,1.0,JAFRE
17086,0.09,1.0,"JONQUERA, LA"
17087,0.08,1.0,JUIÀ
17088,0.1,1.0,LLADÓ
17089,0.05,1.0,LLAGOSTERA
17090,0.07,1.0,LLAMBILLES
17091,0.11,1.0,LLANARS
17092,0.07,1.0,LLANÇÀ
17093,0.09,1.0,LLERS
17094,0.08,1.0,LLÍVIA
17095,0.04,1.0,LLORET DE MAR
17096,0.08,1.0,"LLOSSES, LES"
17097,0.08,1.0,MADREMANYA
17098,0.1,1.0,MAIÀ DE MONTCAL
17099,0.07,1.0,MERANGES
17100,0.08,1.0,MASARAC
17101,0.05,1.0,MASSANES
17102,0.1,1.0,MAÇANET DE CABRENYS
17103,0.05,1.0,MAÇANET DE LA SELVA
17105,0.1,1.0,MIERES
17106,0.08,1.0,MOLLET DE PERALADA
17107,0.11,1.0,MOLLÓ
17109,0.11,1.0,MONTAGUT
17110,0.05,1.0,MONT RAS
17111,0.1,1.0,NAVATA
17112,0.11,1.0,OGASSA
17114,0.1,1.0,OLOT
17115,0.09,1.0,ORDIS
17116,0.08,1.0,OSOR
17117,0.05,1.0,PALAFRUGELL
17118,0.04,1.0,PALAMÓS
17119,0.09,1.0,PALAU DE SANTA EULÀLIA
17120,0.07,1.0,PALAU SAVERDERA
17121,0.06,1.0,PALAU SATOR
17123,0.09,1.0,PALOL DE REVARDIT
17124,0.06,1.0,PALS
17125,0.1,1.0,PARDINES
17126,0.07,1.0,PARLAVÀ
17128,0.07,1.0,PAU
17129,0.07,1.0,PEDRET I MARZÀ
17130,0.08,1.0,"PERA, LA"
17132,0.08,1.0,PERALADA
17133,0.1,1.0,"PLANES D'HOSTOLES, LES"
17134,0.09,1.0,PLANOLES
17135,0.09,1.0,PONT DE MOLINS
17136,0.09,1.0,PONTÓS
17137,0.1,1.0,PORQUERES
17138,0.06,1.0,PORTBOU
17139,0.1,1.0,"PRESES, LES"
17140,0.06,1.0,"PORT DE LA SELVA, EL"
17141,0.08,1.0,PUIGCERDÀ
17142,0.07,1.0,QUART
17143,0.08,1.0,RABÓS
17144,0.05,1.0,REGENCÓS
17145,0.1,1.0,RIBES DE FRESER
17146,0.05,1.0,RIELLS I VIABREA
17147,0.1,1.0,RIPOLL
17148,0.05,1.0,RIUDARENES
17149,0.1,1.0,RIUDAURA
17150,0.06,1.0,RIUDELLOTS DE LA SELVA
17151,0.08,1.0,RIUMORS
17152,0.06,1.0,ROSES
17153,0.08,1.0,RUPIÀ
17154,0.11,1.0,SALES DE LLIERCA
17155,0.08,1.0,SALT
17157,0.06,1.0,SANT ANDREU SALOU
17158,0.08,1.0,SANT CLIMENT SESCEBES
17159,0.05,1.0,SANT FELIU DE BUIXALLEU
17160,0.04,1.0,SANT FELIU DE GUÍXOLS
17161,0.1,1.0,SANT FELIU DE PALLEROLS
17162,0.1,1.0,SANT FERRIOL
17163,0.08,1.0,SANT GREGORI
17164,0.06,1.0,SANT HILARI SACALM
17165,0.1,1.0,SANT JAUME DE LLIERCA
17166,0.09,1.0,SANT JORDI DESVALLS
17167,0.1,1.0,SANT JOAN DE LES ABADESSES
17168,0.08,1.0,SANT JOAN DE MOLLET
17169,0.09,1.0,SANT JULIÀ DE RAMIS
17170,0.1,1.0,VALLFOGONA DE RIPOLLÈS
17171,0.1,1.0,SANT LLORENÇ DE LA MUGA
17172,0.09,1.0,SANT MARTÍ DE LLÉMENA
17173,0.08,1.0,SANT MARTÍ VELL
17174,0.1,1.0,SANT MIQUEL DE CAMPMAJOR
17175,0.09,1.0,SANT MIQUEL DE FLUVIÀ
17176,0.09,1.0,SANT MORI
17177,0.11,1.0,SANT PAU DE SEGÚRIES
17178,0.08,1.0,SANT PERE PESCADOR
17180,0.06,1.0,SANTA COLOMA DE FARNERS
17181,0.05,1.0,SANTA CRISTINA D'ARO
17182,0.09,1.0,SANTA LLOGAIA D'ÀLGUEMA
17183,0.1,1.0,SANT ANIOL DE FINESTRES
17184,0.1,1.0,SANTA PAU
17185,0.11,1.0,SANT JOAN LES FONTS
17186,0.09,1.0,SARRIÀ DE TER
17187,0.09,1.0,SAUS
17188,0.06,1.0,"SELVA DE MAR, LA"
17189,0.08,1.0,"CELLERA DE TER, LA"
17190,0.1,1.0,SERINYÀ
17191,0.07,1.0,SERRA DE DARÓ
17192,0.1,1.0,SETCASES
17193,0.05,1.0,SILS
17194,0.08,1.0,SUSQUEDA
17195,0.08,1.0,"TALLADA D'EMPORDÀ, LA"
17196,0.09,1.0,TERRADES
17197,0.05,1.0,TORRENT
17198,0.08,1.0,TORROELLA DE FLUVIÀ
17199,0.07,1.0,TORROELLA DE MONTGRÍ
17200,0.11,1.0,TORTELLÀ
17201,0.09,1.0,TOSES
17202,0.04,1.0,TOSSA DE MAR
17203,0.08,1.0,ULTRAMORT
17204,0.07,1.0,ULLÀ
17205,0.07,1.0,ULLASTRET
17206,0.07,1.0,URÚS
17207,0.1,1.0,"VALL D'EN BAS, LA"
17208,0.11,1.0,"VALL DE BIANYA, LA"
17209,0.05,1.0,VALL LLOBREGA
17210,0.08,1.0,VENTALLÓ
17211,0.08,1.0,VERGES
17212,0.1,1.0,VIDRÀ
17213,0.05,1.0,VIDRERES
17214,0.08,1.0,VILABERTRAN
17215,0.08,1.0,VILABLAREIX
17216,0.09,1.0,VILADASENS
17217,0.08,1.0,VILADAMAT
17218,0.09,1.0,VILADEMULS
17220,0.06,1.0,VILADRAU
17221,0.09,1.0,VILAFANT
17222,0.09,1.0,VILAÜR
17223,0.07,1.0,VILAJUÏGA
17224,0.11,1.0,VILALLONGA DE TER
17225,0.08,1.0,VILAMACOLUM
17226,0.09,1.0,VILAMALLA
17227,0.07,1.0,VILAMANISCLE
17228,0.09,1.0,VILANANT
17230,0.08,1.0,VILA SACRA
17232,0.08,1.0,VILOPRIU
17233,0.06,1.0,VILOBÍ D'ONYAR
17234,0.09,1.0,BIURE
17901,0.07,1.0,"CRUÏLLES, MONELLS I SANT SADURNÍ DE L'HEURA"
17902,0.06,1.0,FORALLAC
17903,0.08,1.0,SANT JULIÀ DEL LLOR I BONMATÍ
18001,0.24,1.0,AGRÓN
18002,0.09,1.0,ALAMEDILLA
18003,0.23,1.0,ALBOLOTE
18004,0.14,1.0,ALBONDÓN
18005,0.13,1.0,ALBUÑÁN
18006,0.14,1.0,ALBUÑOL
18007,0.22,1.0,ALBUÑUELAS
18010,0.13,1.0,ALDEIRE
18011,0.22,1.0,ALFACAR
18012,0.12,1.0,ALGARINEJO
18013,0.23,1.0,ALHAMA DE GRANADA
18014,0.24,1.0,ALHENDÍN
18015,0.08,1.0,ALICÚN DE ORTEGA
18016,0.15,1.0,ALMEGÍJAR
18017,0.16,1.0,ALMUÑÉCAR
18018,0.13,1.0,ALQUIFE
18020,0.24,1.0,ARENAS DEL REY
18021,0.24,1.0,ARMILLA
18022,0.23,1.0,ATARFE
18023,0.12,1.0,BAZA
18024,0.2,1.0,BEAS DE GRANADA
18025,0.12,1.0,BEAS DE GUADIX
18027,0.11,1.0,BENALÚA
18028,0.16,1.0,BENALÚA DE LAS VILLAS
18029,0.12,1.0,BENAMAUREL
18030,0.15,1.0,BÉRCHULES
18032,0.17,1.0,BUBIÓN
18033,0.15,1.0,BUSQUÍSTAR
18034,0.24,1.0,CACÍN
18035,0.14,1.0,CÁDIAR
18036,0.23,1.0,CÁJAR
18037,0.21,1.0,CALICASAS
18038,0.13,1.0,CAMPOTÉJAR
18039,0.13,1.0,CANILES
18040,0.18,1.0,CÁÑAR
18042,0.17,1.0,CAPILEIRA
18043,0.17,1.0,CARATAUNAS
18044,0.15,1.0,CÁSTARAS
18045,0.11,1.0,CASTILLÉJAR
18046,0.09,1.0,CASTRIL
18047,0.22,1.0,CENES DE LA VEGA
18048,0.23,1.0,CIJUELA
18049,0.13,1.0,COGOLLOS DE GUADIX
18050,0.21,1.0,COGOLLOS DE LA VEGA
18051,0.18,1.0,COLOMERA
18053,0.11,1.0,CORTES DE BAZA
18054,0.12,1.0,CORTES Y GRAENA
18056,0.13,1.0,CÚLLAR
18057,0.24,1.0,CÚLLAR VEGA
18059,0.23,1.0,CHAUCHINA
18061,0.24,1.0,CHIMENEAS
18062,0.24,1.0,CHURRIANA DE LA VEGA
18063,0.12,1.0,DARRO
18064,0.09,1.0,DEHESAS DE GUADIX
18066,0.19,1.0,DEIFONTES
18067,0.14,1.0,DIEZMA
18068,0.24,1.0,DÍLAR
18069,0.13,1.0,DÓLAR
18070,0.21,1.0,DÚDAR
18071,0.22,1.0,DÚRCAL
18072,0.25,1.0,ESCÚZAR
18074,0.13,1.0,FERREIRA
18076,0.1,1.0,FONELAS
18078,0.11,1.0,FREILA
18079,0.23,1.0,FUENTE VAQUEROS
18082,0.12,1.0,GALERA
18083,0.1,1.0,GOBERNADOR
18084,0.24,1.0,GÓJAR
18085,0.12,1.0,GOR
18086,0.1,1.0,GORAFE
18087,0.23,1.0,GRANADA
18088,0.09,1.0,GUADAHORTUNA
18089,0.12,1.0,GUADIX
18093,0.13,1.0,GUALCHOS
18094,0.2,1.0,GÜEJAR SIERRA
18095,0.21,1.0,GÜEVÉJAR
18096,0.11,1.0,HUÉLAGO
18097,0.14,1.0,HUÉNEJA
18098,0.11,1.0,HUÉSCAR
18099,0.21,1.0,HUÉTOR DE SANTILLÁN
18100,0.18,1.0,HUÉTOR TÁJAR
18101,0.23,1.0,HUÉTOR VEGA
18102,0.19,1.0,ILLORA
18103,0.18,1.0,ITRABO
18105,0.16,1.0,IZNALLOZ
18107,0.24,1.0,JAYENA
18108,0.13,1.0,JEREZ DEL MARQUESADO
18109,0.18,1.0,JETE
18111,0.22,1.0,JUN
18112,0.15,1.0,JUVILES
18114,0.13,1.0,"CALAHORRA, LA"
18115,0.23,1.0,LÁCHAR
18116,0.18,1.0,LANJARÓN
18117,0.13,1.0,LANTEIRA
18119,0.21,1.0,LECRÍN
18120,0.2,1.0,LENTEGÍ
18121,0.15,1.0,LOBRAS
18122,0.16,1.0,LOJA
18123,0.14,1.0,LUGROS
18124,0.14,1.0,LÚJAR
18126,0.24,1.0,"MALAHÁ, LA"
18127,0.23,1.0,MARACENA
18128,0.12,1.0,MARCHAL
18132,0.19,1.0,MOCLÍN
18133,0.17,1.0,MOLVÍZAR
18134,0.23,1.0,MONACHIL
18135,0.15,1.0,MONTEFRÍO
18136,0.1,1.0,MONTEJÍCAR
18137,0.12,1.0,MONTILLANA
18138,0.21,1.0,MORALEDA DE ZAFAYONA
18140,0.14,1.0,MOTRIL
18141,0.14,1.0,MURTAS
18143,0.21,1.0,NIGÜELAS
18144,0.21,1.0,NÍVAR
18145,0.24,1.0,OGÍJARES
18146,0.13,1.0,ORCE
18147,0.17,1.0,ÓRGIVA
18148,0.19,1.0,OTÍVAR
18149,0.24,1.0,OTURA
18150,0.24,1.0,PADUL
18151,0.17,1.0,PAMPANEIRA
18152,0.09,1.0,PEDRO MARTÍNEZ
18153,0.23,1.0,PELIGROS
18154,0.14,1.0,"PEZA, LA"
18157,0.22,1.0,PINOS GENIL
18158,0.22,1.0,PINOS PUENTE
18159,0.12,1.0,PÍÑAR
18161,0.13,1.0,POLÍCAR
18162,0.14,1.0,POLOPOS
18163,0.16,1.0,PÓRTUGOS
18164,0.08,1.0,PUEBLA DE DON FADRIQUE
18165,0.22,1.0,PULIANAS
18167,0.12,1.0,PURULLENA
18168,0.2,1.0,QUÉNTAR
18170,0.14,1.0,RUBITE
18171,0.19,1.0,SALAR
18173,0.15,1.0,SALOBREÑA
18174,0.23,1.0,SANTA CRUZ DEL COMERCIO
18175,0.24,1.0,SANTA FE
18176,0.17,1.0,SOPORTÚJAR
18177,0.14,1.0,SORVILÁN
18178,0.1,1.0,TORRE CARDELA
18179,0.15,1.0,TORVIZCÓN
18180,0.16,1.0,TREVÉLEZ
18181,0.14,1.0,TURÓN
18182,0.14,1.0,UGÍJAR
18183,0.14,1.0,VÁLOR
18184,0.17,1.0,VÉLEZ DE BENAUDALLA
18185,0.24,1.0,VENTAS DE HUELMA
18187,0.09,1.0,VILLANUEVA DE LAS TORRES
18188,0.19,1.0,VILLANUEVA MESÍA
18189,0.21,1.0,VÍZNAR
18192,0.2,1.0,ZAFARRAYA
18193,0.24,1.0,"ZUBIA, LA"
18194,0.11,1.0,ZÚJAR
18901,0.16,1.0,"TAHA, LA"
18902,0.21,1.0,"VALLE, EL"
18903,0.14,1.0,NEVADA
18904,0.14,1.0,ALPUJARRA DE LA SIERRA
18905,0.24,1.0,"GABIAS, LAS"
18906,0.18,1.0,"GUAJARES, LOS"
18907,0.12,1.0,VALLE DEL ZALABÍ
18908,0.22,1.0,VILLAMENA
18909,0.11,1.0,MORELÁBOR
18910,0.19,1.0,"PINAR, EL"
18911,0.24,1.0,VEGAS DEL GENIL
18912,0.1,1.0,CUEVAS DEL CAMPO
18913,0.13,1.0,ZAGRA
20001,0.04,1.0,ABALTZISKETA
20002,0.04,1.0,ADUNA
20003,0.04,1.0,AIZARNAZABAL
20004,0.04,1.0,ALBIZTUR
20005,0.04,1.0,ALEGIA
20006,0.04,1.0,ALKIZA
20007,0.04,1.0,ALTZO
20008,0.04,1.0,AMEZKETA
20009,0.04,1.0,ANDOAIN
20010,0.04,1.0,ANOETA
20011,0.04,1.0,ANTZUOLA
20012,0.04,1.0,ARAMA
20014,0.04,1.0,ASTEASU
20015,0.04,1.0,ATAUN
20016,0.04,1.0,AIA
20017,0.04,1.0,AZKOITIA
20018,0.04,1.0,AZPEITIA
20019,0.04,1.0,BEASAIN
20020,0.04,1.0,BEIZAMA
20021,0.04,1.0,BELAUNTZA
20022,0.04,1.0,BERASTEGI
20023,0.04,1.0,BERROBI
20024,0.04,1.0,BIDEGOYAN
20025,0.04,1.0,ZEGAMA
20026,0.04,1.0,ZERAIN
20027,0.04,1.0,ZESTOA
20028,0.04,1.0,ZIZURKIL
20029,0.04,1.0,DEBA
20031,0.04,1.0,ELDUAIN
20035,0.04,1.0,EZKIO ITSASO
20036,0.04,1.0,HONDARRIBIA
20037,0.04,1.0,GAINTZA
20038,0.04,1.0,GABIRIA
20039,0.04,1.0,GETARIA
20040,0.04,1.0,HERNANI
20041,0.04,1.0,HERNIALDE
20042,0.04,1.0,IBARRA
20043,0.04,1.0,IDIAZABAL
20044,0.04,1.0,IKAZTEGIETA
20045,0.04,1.0,IRUN
20046,0.04,1.0,IRURA
20047,0.04,1.0,ITSASONDO
20048,0.04,1.0,LARRAUL
20049,0.04,1.0,LAZKAO
20050,0.04,1.0,LEABURU
20051,0.04,1.0,LEGAZPI
20052,0.04,1.0,LEGORRETA
20053,0.04,1.0,LEZO
20054,0.04,1.0,LIZARTZA
20057,0.04,1.0,MUTILOA
20058,0.04,1.0,OLABERRIA
20060,0.04,1.0,OREXA
20061,0.04,1.0,ORIO
20062,0.04,1.0,ORMAIZTEGI
20063,0.04,1.0,OIARTZUN
20064,0.04,1.0,PASAIA
20066,0.04,1.0,ERREZIL
20067,0.04,1.0,ERRENTERIA
20069,0.04,1.0,DONOSITA SAN SEBASTIÁN
20070,0.04,1.0,SEGURA
20071,0.04,1.0,TOLOSA
20072,0.04,1.0,URNIETA
20073,0.04,1.0,USURBIL
20075,0.04,1.0,VILLABONA
20076,0.04,1.0,ORDIZIA
20077,0.04,1.0,URRETXU
20078,0.04,1.0,ZALDIBIA
20079,0.04,1.0,ZARAUTZ
20080,0.04,1.0,ZUMARRAGA
20081,0.04,1.0,ZUMAIA
20902,0.04,1.0,LASARTE ORIA
20903,0.04,1.0,ASTIGARRAGA
20904,0.04,1.0,BALIARRAIN
20905,0.04,1.0,ORENDAIN
20907,0.04,1.0,GAZTELU
21001,0.06,1.3,ALÁJAR
21002,0.1,1.3,ALJARAQUE
21003,0.11,1.3,"ALMENDRO, EL"
21004,0.07,1.3,ALMONASTER LA REAL
21005,0.08,1.2,ALMONTE
21006,0.09,1.3,ALOSNO
21007,0.06,1.3,ARACENA
21008,0.07,1.3,AROCHE
21009,0.05,1.3,ARROYOMOLINOS DE LEÓN
21010,0.14,1.3,AYAMONTE
21011,0.09,1.2,BEAS
21012,0.07,1.2,BERROCAL
21013,0.08,1.2,BOLLULLOS PAR DEL CONDADO
21014,0.09,1.2,BONARES
21015,0.09,1.3,CABEZAS RUBIAS
21016,0.05,1.3,CALA
21017,0.08,1.3,CALAÑAS
21018,0.07,1.3,"CAMPILLO, EL"
21019,0.06,1.3,CAMPOFRÍO
21020,0.05,1.3,CAÑAVERAL DE LEÓN
21021,0.11,1.3,CARTAYA
21022,0.06,1.3,CASTAÑO DEL ROBLEDO
21023,0.08,1.3,"CERRO DE ANDÉVALO, EL"
21024,0.06,1.3,CORTECONCEPCIÓN
21025,0.07,1.3,CORTEGANA
21026,0.06,1.3,CORTELAZOR
21027,0.06,1.3,CUMBRES DE ENMEDIO
21028,0.06,1.3,CUMBRES DE SAN BARTOLOMÉ
21029,0.06,1.3,CUMBRES MAYORES
21030,0.08,1.2,CHUCENA
21031,0.06,1.3,ENCINASOLA
21032,0.08,1.2,ESCACENA DEL CAMPO
21033,0.06,1.3,FUENTEHERIDOS
21034,0.06,1.3,GALAROZA
21035,0.1,1.3,GIBRALEÓN
21036,0.06,1.3,"GRANADA DE RÍO TINTO, LA"
21037,0.12,1.3,"GRANADO, EL"
21038,0.06,1.3,HIGUERA DE LA SIERRA
21039,0.06,1.3,HINOJALES
21040,0.08,1.2,HINOJOS
21041,0.1,1.3,HUELVA
21042,0.13,1.3,ISLA CRISTINA
21043,0.06,1.3,JABUGO
21044,0.12,1.3,LEPE
21045,0.06,1.3,LINARES DE LA SIERRA
21046,0.09,1.2,LUCENA DEL PUERTO
21047,0.08,1.2,MANZANILLA
21048,0.06,1.3,"MARINES, LOS"
21049,0.07,1.3,MINAS DE RIOTINTO
21050,0.1,1.2,MOGUER
21051,0.06,1.3,"NAVA, LA"
21052,0.07,1.3,NERVA
21053,0.09,1.2,NIEBLA
21054,0.08,1.2,"PALMA DEL CONDADO, LA"
21055,0.1,1.3,PALOS DE LA FRONTERA
21056,0.08,1.2,PATERNA DEL CAMPO
21057,0.11,1.3,PAYMOGO
21058,0.1,1.3,PUEBLA DE GUZMÁN
21059,0.06,1.3,PUERTO MORAL
21060,0.1,1.3,PUNTA UMBRÍA
21061,0.09,1.2,ROCIANA DEL CONDADO
21062,0.09,1.3,ROSAL DE LA FRONTERA
21063,0.1,1.3,SAN BARTOLOMÉ DE LA TORRE
21064,0.09,1.2,SAN JUAN DEL PUERTO
21065,0.13,1.3,SANLÚCAR DE GUADIANA
21066,0.12,1.3,SAN SILVESTRE DE GUZMÁN
21067,0.06,1.3,SANTA ANA LA REAL
21068,0.09,1.3,SANTA BÁRBARA DE CASA
21069,0.05,1.3,SANTA OLALLA DEL CALA
21070,0.09,1.2,TRIGUEROS
21071,0.06,1.3,VALDELARCO
21072,0.08,1.2,VALVERDE DEL CAMINO
21073,0.13,1.3,VILLABLANCA
21074,0.08,1.2,VILLALBA DEL ALCOR
21075,0.09,1.3,VILLANUEVA DE LAS CRUCES
21076,0.11,1.3,VILLANUEVA DE LOS CASTILLEJOS
21077,0.08,1.2,VILLARRASA
21078,0.07,1.3,ZALAMEA LA REAL
21079,0.06,1.3,ZUFRE
22006,0.05,1.0,AISA
22028,0.05,1.0,ANSÓ
22032,0.05,1.0,ARAGÜÉS DEL PUERTO
22054,0.05,1.0,BENASQUE
22057,0.1,1.0,BIELSA
22059,0.07,1.0,BIESCAS
22062,0.04,1.0,BISAURRI
22066,0.05,1.0,BOLTAÑA
22068,0.05,1.0,BORAU
22069,0.08,1.0,BROTO
22074,0.04,1.0,CAMPO
22076,0.04,1.0,CANAL DE BERDÚN
22078,0.07,1.0,CANFRANC
22084,0.04,1.0,CASTEJÓN DE SOS
22086,0.05,1.0,CASTIELLO DE JACA
22095,0.05,1.0,CHÍA
22106,0.05,1.0,FAGO
22107,0.09,1.0,FANLO
22109,0.05,1.0,FISCAL
22111,0.04,1.0,FORADADA DEL TOSCAR
22113,0.04,1.0,"FUEVA, LA"
22114,0.06,1.0,GISTAÍN
22122,0.09,1.0,HOZ DE JACA
22130,0.04,1.0,JACA
22131,0.05,1.0,JASA
22133,0.06,1.0,LABUERDA
22144,0.07,1.0,LASPUÑA
22168,0.04,1.0,PALO
22170,0.1,1.0,PANTICOSA
22182,0.08,1.0,PLAN
22189,0.08,1.0,PUÉRTOLAS
22190,0.05,1.0,"PUEYO DE ARAGUÁS, EL"
22199,0.04,1.0,SABIÑÁNIGO
22200,0.05,1.0,SAHÚN
22204,0.1,1.0,SALLENT DE GÁLLEGO
22207,0.08,1.0,SAN JUAN DE PLAN
22208,0.04,1.0,SANTA CILIA DE JACA
22209,0.04,1.0,SANTA CRUZ DE LA SERÓS
22215,0.04,1.0,SEIRA
22221,0.05,1.0,SESUÉ
22227,0.09,1.0,TELLA SIN
22230,0.09,1.0,TORLA
22243,0.04,1.0,LLERT
22249,0.05,1.0,VILLANOVA
22250,0.06,1.0,VILLANÚA
22252,0.04,1.0,YEBRA DE BASA
22253,0.07,1.0,YÉSERO
22901,0.06,1.0,VALLE DE HECHO
22902,0.04,1.0,PUENTE LA REINA DE JACA
22907,0.05,1.0,AÍNSA SOBRARBE
23001,0.07,1.0,ALBÁNCHEZ DE MÁGINA
23002,0.12,1.0,ALCALÁ LA REAL
23003,0.08,1.0,ALCAUDETE
23005,0.05,1.0,ANDÚJAR
23006,0.06,1.0,ARJONA
23007,0.05,1.0,ARJONILLA
23008,0.04,1.0,ARQUILLOS
23009,0.06,1.0,BAEZA
23010,0.05,1.0,BAILÉN
23011,0.04,1.0,BAÑOS DE LA ENCINA
23012,0.04,1.0,BEAS DE SEGURA
23014,0.06,1.0,BEGÍJAR
23015,0.07,1.0,BÉLMEZ DE LA MORALEDA
23017,0.07,1.0,CABRA DEL SANTO CRISTO
23018,0.08,1.0,CAMBIL
23019,0.1,1.0,CAMPILLO DE ARENAS
23020,0.05,1.0,CANENA
23021,0.04,1.0,CARBONEROS
23025,0.04,1.0,CASTELLAR
23026,0.1,1.0,CASTILLO DE LOCUBÍN
23027,0.05,1.0,CAZALILLA
23028,0.06,1.0,CAZORLA
23030,0.06,1.0,CHILLUÉVAR
23031,0.06,1.0,ESCAÑUELA
23032,0.05,1.0,ESPELÚY
23033,0.12,1.0,FRAILES
23034,0.08,1.0,FUENSANTA DE MARTOS
23035,0.06,1.0,FUERTE DEL REY
23038,0.07,1.0,"GUARDIA DE JAÉN, LA"
23039,0.04,1.0,GUARROMÁN
23040,0.05,1.0,LAHIGUERA
23041,0.06,1.0,HIGUERA DE CALATRAVA
23042,0.08,1.0,HINOJARES
23043,0.04,1.0,HORNOS
23044,0.08,1.0,HUELMA
23045,0.07,1.0,HUESA
23046,0.05,1.0,IBROS
23047,0.06,1.0,"IRUELA, LA"
23048,0.05,1.0,IZNATORAF
23049,0.05,1.0,JABALQUINTO
23050,0.07,1.0,JAÉN
23051,0.07,1.0,JAMILENA
23052,0.06,1.0,JIMENA
23053,0.06,1.0,JÓDAR
23054,0.07,1.0,LARVA
23055,0.05,1.0,LINARES
23056,0.05,1.0,LOPERA
23057,0.06,1.0,LUPIÓN
23058,0.07,1.0,MANCHA REAL
23059,0.05,1.0,MARMOLEJO
23060,0.07,1.0,MARTOS
23061,0.06,1.0,MENGÍBAR
23063,0.04,1.0,NAVAS DE SAN JUAN
23064,0.11,1.0,NOALEJO
23066,0.06,1.0,PEAL DE BECERRO
23067,0.07,1.0,PEGALAJAR
23069,0.06,1.0,PORCUNA
23070,0.08,1.0,POZO ALCÓN
23073,0.07,1.0,QUESADA
23074,0.05,1.0,RUS
23075,0.05,1.0,SABIOTE
23077,0.06,1.0,SANTIAGO DE CALATRAVA
23079,0.04,1.0,SANTISTEBAN DEL PUERTO
23080,0.06,1.0,SANTO TOMÉ
23084,0.04,1.0,SORIHUELA DEL GUADALIMAR
23085,0.06,1.0,TORREBLASCOPEDRO
23086,0.07,1.0,TORRE DEL CAMPO
23087,0.07,1.0,TORREDONJIMENO
23088,0.05,1.0,TORREPEROJIL
23090,0.07,1.0,TORRES
23092,0.06,1.0,ÚBEDA
23093,0.09,1.0,VALDEPEÑAS DE JAÉN
23094,0.04,1.0,VILCHES
23095,0.05,1.0,VILLACARRILLO
23096,0.05,1.0,VILLANUEVA DE LA REINA
23097,0.04,1.0,VILLANUEVA DEL ARZOBISPO
23098,0.06,1.0,VILLARDOMPARDO
23099,0.08,1.0,"VILLARES, LOS"
23901,0.09,1.0,CÁRCHELES
23902,0.06,1.0,BEDMAR Y GARCÍEZ
23903,0.06,1.0,VILLATORRES
23904,0.05,1.0,SANTIAGO PONTONES
25005,0.06,1.0,ALÀS I CERC
25017,0.06,1.0,ALINS
25024,0.05,1.0,ALT ÀNEU
25025,0.04,1.0,NAUT ARAN
25030,0.06,1.0,"PONT DE BAR, EL"
25031,0.04,1.0,ARRES
25032,0.06,1.0,ARSÈGUEL
25045,0.05,1.0,BAUSEN
25051,0.07,1.0,BELLVER DE CERDANYA
25057,0.04,1.0,"BÒRDES, ES"
25059,0.04,1.0,BOSSÒST
25063,0.04,1.0,CANEJAN
25071,0.06,1.0,CAVA
25082,0.04,1.0,ESPOT
25086,0.05,1.0,ESTERRI D'ÀNEU
25087,0.06,1.0,ESTERRI DE CARDÓS
25088,0.06,1.0,ESTAMARIU
25089,0.05,1.0,FARRERA
25100,0.06,1.0,GÓSOL
25111,0.04,1.0,GUIXERS
25121,0.04,1.0,LES
25123,0.06,1.0,LLADORRE
25126,0.05,1.0,LLAVORSÍ
25127,0.07,1.0,LLES DE CERDANYA
25139,0.07,1.0,MONTELLÀ I MARTINET
25140,0.06,1.0,MONTFERRER I CASTELLBÒ
25163,0.05,1.0,"COMA I LA PEDRA, LA"
25169,0.04,1.0,"POBLA DE CÉRVOLES, LA"
25170,0.04,1.0,BELLAGUARDA
25175,0.07,1.0,PRATS I SANSOR
25179,0.07,1.0,PRULLANS
25183,0.04,1.0,RIALP
25185,0.05,1.0,RIBERA D'URGELLET
25193,0.04,1.0,SANT LLORENÇ DE MORUNYS
25203,0.06,1.0,"SEU D'URGELL, LA"
25208,0.04,1.0,SORIGUERA
25209,0.04,1.0,SORT
25218,0.04,1.0,TARRÉS
25221,0.05,1.0,TÍRVIA
25239,0.06,1.0,"VALLS DE VALIRA, LES"
25243,0.04,1.0,VIELHA E MIJARAN
25247,0.04,1.0,VILAMÒS
25253,0.04,1.0,"VILOSELL, EL"
25901,0.05,1.0,VALL DE CARDÓS
25903,0.05,1.0,"GUINGUETA D'ÀNEU, LA"
25906,0.04,1.0,"VALLS D'AGUILAR, LES"
25909,0.05,1.0,"VANSA I FÓRNOLS, LA"
25910,0.05,1.0,JOSA I TUIXÉN
27001,0.04,1.0,ABADÍN
27002,0.04,1.0,ALFOZ
27003,0.04,1.0,ANTAS DE ULLA
27004,0.04,1.0,BALEIRA
27005,0.04,1.0,BARREIROS
27006,0.04,1.0,BECERREÁ
27007,0.04,1.0,BEGONTE
27008,0.04,1.0,BÓVEDA
27009,0.04,1.0,CARBALLEDO
27010,0.04,1.0,CASTRO DE REI
27011,0.04,1.0,CASTROVERDE
27012,0.04,1.0,CERVANTES
27014,0.04,1.0,"CORGO, O"
27015,0.04,1.0,COSPEITO
27016,0.04,1.0,CHANTADA
27017,0.04,1.0,FOLGOSO DO COUREL
27018,0.04,1.0,"FONSAGRADA, A"
27019,0.04,1.0,FOZ
27020,0.04,1.0,FRIOL
27021,0.04,1.0,XERMADE
27022,0.04,1.0,GUITIRIZ
27023,0.04,1.0,GUNTÍN
27024,0.04,1.0,"INCIO, O"
27026,0.04,1.0,LÁNCARA
27027,0.04,1.0,LOURENZÁ
27028,0.04,1.0,LUGO
27029,0.04,1.0,MEIRA
27030,0.04,1.0,MONDOÑEDO
27031,0.04,1.0,MONFORTE DE LEMOS
27032,0.04,1.0,MONTERROSO
27033,0.04,1.0,MURAS
27034,0.04,1.0,NAVIA DE SUARNA
27037,0.04,1.0,"NOGAIS, AS"
27038,0.04,1.0,OUROL
27039,0.04,1.0,OUTEIRO DE REI
27040,0.04,1.0,PALAS DE REI
27041,0.04,1.0,PANTÓN
27042,0.04,1.0,PARADELA
27043,0.04,1.0,"PÁRAMO, O"
27044,0.04,1.0,"PASTORIZA, A"
27045,0.04,1.0,PEDRAFITA DO CEBREIRO
27046,0.04,1.0,POL
27047,0.04,1.0,"POBRA DO BROLLÓN, A"
27048,0.04,1.0,"PONTENOVA, A"
27049,0.04,1.0,PORTOMARÍN
27050,0.04,1.0,QUIROGA
27052,0.04,1.0,RIBAS DE SIL
27053,0.04,1.0,RIBEIRA DE PIQUÍN
27054,0.04,1.0,RIOTORTO
27055,0.04,1.0,SAMOS
27056,0.04,1.0,RÁBADE
27057,0.04,1.0,SARRIA
27058,0.04,1.0,"SAVIÑAO, O"
27059,0.04,1.0,SOBER
27060,0.04,1.0,TABOADA
27061,0.04,1.0,TRABADA
27062,0.04,1.0,TRIACASTELA
27063,0.04,1.0,"VALADOURO, O"
27065,0.04,1.0,VILALBA
27901,0.04,1.0,BARALLA
29001,0.08,1.0,ALAMEDA
29002,0.21,1.0,ALCAUCÍN
29003,0.16,1.0,ALFARNATE
29004,0.16,1.0,ALFARNATEJO
29005,0.18,1.0,ALGARROBO
29006,0.07,1.0,ALGATOCÍN
29007,0.08,1.0,ALHAURÍN DE LA TORRE
29008,0.08,1.0,ALHAURÍN EL GRANDE
29009,0.16,1.0,ALMÁCHAR
29010,0.08,1.0,ALMARGEN
29011,0.09,1.0,ALMOGÍA
29012,0.08,1.0,ÁLORA
29013,0.08,1.0,ALOZAINA
29014,0.07,1.0,ALPANDEIRE
29015,0.09,1.0,ANTEQUERA
29016,0.21,1.0,ÁRCHEZ
29017,0.11,1.0,ARCHIDONA
29018,0.08,1.0,ARDALES
29019,0.2,1.0,ARENAS
29020,0.08,1.0,ARRIATE
29021,0.07,1.0,ATAJATE
29022,0.07,1.0,BENADALID
29023,0.07,1.0,BENAHAVÍS
29024,0.07,1.0,BENALAURÍA
29025,0.08,1.0,BENALMÁDENA
29026,0.17,1.0,BENAMARGOSA
29027,0.17,1.0,BENAMOCARRA
29028,0.07,1.0,BENAOJÁN
29029,0.07,1.0,BENARRABÁ
29030,0.16,1.0,"BORGE, EL"
29031,0.08,1.0,"BURGO, EL"
29032,0.08,1.0,CAMPILLOS
29033,0.21,1.0,CANILLAS DE ACEITUNO
29034,0.21,1.0,CANILLAS DE ALBAIDA
29035,0.08,1.0,CAÑETE LA REAL
29036,0.08,1.0,CARRATRACA
29037,0.07,1.0,CARTAJIMA
29038,0.08,1.0,CÁRTAMA
29039,0.11,1.0,CASABERMEJA
29040,0.08,1.0,CASARABONELA
29041,0.07,1.1,CASARES
29042,0.07,1.0,COÍN
29043,0.14,1.0,COLMENAR
29044,0.16,1.0,COMARES
29045,0.21,1.0,CÓMPETA
29046,0.07,1.0,CORTES DE LA FRONTERA
29047,0.09,1.0,CUEVAS BAJAS
29048,0.08,1.0,CUEVAS DEL BECERRO
29049,0.09,1.0,CUEVAS DE SAN MARCOS
29050,0.17,1.0,CÚTAR
29051,0.07,1.1,ESTEPONA
29052,0.07,1.0,FARAJÁN
29053,0.19,1.0,FRIGILIANA
29054,0.07,1.0,FUENGIROLA
29055,0.08,1.0,FUENTE DE PIEDRA
29056,0.07,1.1,GAUCÍN
29057,0.07,1.0,GENALGUACIL
29058,0.07,1.0,GUARO
29059,0.08,1.0,HUMILLADERO
29060,0.08,1.0,IGUALEJA
29061,0.07,1.0,ISTÁN
29062,0.16,1.0,IZNATE
29063,0.07,1.0,JIMERA DE LÍBAR
29064,0.07,1.0,JUBRIQUE
29065,0.07,1.0,JÚZCAR
29066,0.15,1.0,MACHARAVIAYA
29067,0.11,1.0,MÁLAGA
29068,0.06,1.1,MANILVA
29069,0.07,1.0,MARBELLA
29070,0.07,1.0,MIJAS
29071,0.15,1.0,MOCLINEJO
29072,0.08,1.0,MOLLINA
29073,0.07,1.0,MONDA
29074,0.07,1.0,MONTEJAQUE
29075,0.17,1.0,NERJA
29076,0.07,1.0,OJÉN
29077,0.08,1.0,PARAUTA
29079,0.19,1.0,PERIANA
29080,0.08,1.0,PIZARRA
29081,0.07,1.0,PUJERRA
29082,0.12,1.0,RINCÓN DE LA VICTORIA
29083,0.16,1.0,RIOGORDO
29084,0.08,1.0,RONDA
29085,0.21,1.0,SALARES
29086,0.19,1.0,SAYALONGA
29087,0.21,1.0,SEDELLA
29088,0.08,1.0,SIERRA DE YEGUAS
29089,0.08,1.0,TEBA
29090,0.08,1.0,TOLOX
29091,0.18,1.0,TORROX
29092,0.13,1.0,TOTALÁN
29093,0.08,1.0,VALLE DE ABDALAJÍS
29094,0.18,1.0,VÉLEZ MÁLAGA
29095,0.09,1.0,VILLANUEVA DE ALGAIDAS
29096,0.13,1.0,VILLANUEVA DEL ROSARIO
29097,0.13,1.0,VILLANUEVA DEL TRABUCO
29098,0.11,1.0,VILLANUEVA DE TAPIA
29099,0.19,1.0,VIÑUELA
29100,0.08,1.0,YUNQUERA
29901,0.08,1.0,TORREMOLINOS
30001,0.15,1.0,ABANILLA
30002,0.1,1.0,ABARÁN
30003,0.11,1.0,ÁGUILAS
30004,0.11,1.0,ALBUDEITE
30005,0.15,1.0,ALCANTARILLA
30006,0.1,1.0,ALEDO
30007,0.14,1.0,ALGUAZAS
30008,0.11,1.0,ALHAMA DE MURCIA
30009,0.13,1.0,ARCHENA
30010,0.16,1.0,BENIEL
30011,0.11,1.0,BLANCA
30012,0.08,1.0,BULLAS
30013,0.07,1.0,CALASPARRA
30014,0.12,1.0,CAMPOS DEL RÍO
30015,0.07,1.0,CARAVACA DE LA CRUZ
30016,0.07,1.0,CARTAGENA
30017,0.08,1.0,CEHEGÍN
30018,0.14,1.0,CEUTÍ
30019,0.09,1.0,CIEZA
30020,0.15,1.0,FORTUNA
30021,0.11,1.0,FUENTE ÁLAMO DE MURCIA
30022,0.07,1.0,JUMILLA
30023,0.12,1.0,LIBRILLA
30024,0.12,1.0,LORCA
30025,0.14,1.0,LORQUÍ
30026,0.09,1.0,MAZARRÓN
30027,0.15,1.0,MOLINA DE SEGURA
30028,0.07,1.0,MORATALLA
30029,0.09,1.0,MULA
30030,0.15,1.0,MURCIA
30031,0.12,1.0,OJÓS
30032,0.09,1.0,PLIEGO
30033,0.14,1.0,PUERTO LUMBRERAS
30034,0.12,1.0,RICOTE
30035,0.1,1.0,SAN JAVIER
30036,0.11,1.0,SAN PEDRO DEL PINATAR
30037,0.09,1.0,TORRE PACHECO
30038,0.14,1.0,"TORRES DE COTILLAS, LAS"
30039,0.1,1.0,TOTANA
30040,0.12,1.0,ULEA
30041,0.07,1.0,"UNIÓN, LA"
30042,0.13,1.0,VILLANUEVA DEL RÍO SEGURA
30043,0.07,1.0,YECLA
30901,0.16,1.0,SANTOMERA
30902,0.08,1.0,"ALCÁZARES, LOS"
31001,0.04,1.0,ABÁIGAR
31002,0.04,1.0,ABÁRZUZA
31003,0.05,1.0,ABAURREGAINA/ABAURREA ALTA
31004,0.05,1.0,ABAURREPEA/ABAURREA BAJA
31005,0.04,1.0,ABERIN
31007,0.04,1.0,ADIÓS
31009,0.04,1.0,AIBAR/OIBAR
31010,0.04,1.0,ALTSASU/ALSASUA
31011,0.04,1.0,ALLÍN
31013,0.04,1.0,AMÉSCOA BAJA
31014,0.04,1.0,ANCÍN
31016,0.04,1.0,ANSOÁIN
31017,0.04,1.0,ANUE
31018,0.04,1.0,AÑORBE
31019,0.05,1.0,AOIZ/AGOITZ
31020,0.04,1.0,ARAITZ
31021,0.04,1.0,ARANARACHE
31022,0.04,1.0,ARANTZA
31023,0.04,1.0,ARANGUREN
31024,0.04,1.0,ARANO
31025,0.04,1.0,ARAKIL
31027,0.04,1.0,ARBIZU
31028,0.05,1.0,ARCE/ARTZI
31030,0.04,1.0,ARELLANO
31031,0.04,1.0,ARESO
31033,0.05,1.0,ARIA
31034,0.05,1.0,ARIBE
31037,0.04,1.0,ARRUAZU
31038,0.04,1.0,ARTAJONA
31039,0.04,1.0,ARTAZU
31040,0.04,1.0,ATEZ
31041,0.04,1.0,AYEGUI
31044,0.04,1.0,BAKAIKU
31045,0.04,1.0,BARÁSOAIN
31046,0.04,1.0,BARBARIN
31049,0.04,1.0,BASABURUA
31050,0.05,1.0,BAZTAN
31052,0.04,1.0,BELASCOÁIN
31054,0.04,1.0,BERTIZARANA
31055,0.04,1.0,BETELU
31056,0.04,1.0,BIURRUN OLCOZ
31058,0.05,1.0,AURITZ/BURGUETE
31059,0.05,1.0,BURGUI/BURGI
31060,0.04,1.0,BURLADA/BURLATA
31071,0.05,1.0,CASTILLONUEVO
31073,0.04,1.0,ZIORDIA
31074,0.04,1.0,CIRAUQUI
31075,0.04,1.0,CIRIZA
31076,0.04,1.0,CIZUR
31080,0.04,1.0,DICASTILLO
31081,0.04,1.0,DONAMARIA
31082,0.04,1.0,ETXALAR
31083,0.04,1.0,ECHARRI
31084,0.04,1.0,ETXARRI ARANATZ
31085,0.04,1.0,ETXAURI
31086,0.04,1.0,EGÜÉS
31087,0.04,1.0,ELGORRIAGA
31088,0.04,1.0,NOÁIN(VALLE DE ELORZ)/ NOAIN(ELORTZIBAR)
31089,0.04,1.0,ENÉRIZ
31090,0.04,1.0,ERATSUN
31091,0.04,1.0,ERGOIENA
31092,0.05,1.0,ERRO
31093,0.06,1.0,EZCÁROZ/EZKAROZE
31094,0.04,1.0,ESLAVA
31095,0.06,1.0,ESPARZA DE SALAZAR
31097,0.04,1.0,ESTELLA/LIZARRA
31098,0.04,1.0,ESTERIBAR
31099,0.04,1.0,ETAYO
31100,0.04,1.0,EULATE
31101,0.04,1.0,EZCABARTE
31102,0.04,1.0,EZKURRA
31103,0.04,1.0,EZPROGUI
31109,0.04,1.0,GALAR
31111,0.05,1.0,GALLUÉS/GALOZE
31112,0.05,1.0,GARAIOA
31113,0.06,1.0,GARDE
31114,0.04,1.0,GARÍNOAIN
31115,0.05,1.0,GARRALDA
31117,0.04,1.0,GOIZUETA
31118,0.04,1.0,GOÑI
31119,0.05,1.0,GÜESA/GORZA
31120,0.04,1.0,GUESÁLAZ
31121,0.04,1.0,GUIRGUILLANO
31122,0.04,1.0,HUARTE/UHARTE
31123,0.04,1.0,UHARTE ARAKIL
31124,0.04,1.0,IBARGOITI
31125,0.04,1.0,IGÚZQUIZA
31126,0.04,1.0,IMOTZ
31127,0.04,1.0,IRAÑETA
31128,0.07,1.0,ISABA/IZABA
31129,0.04,1.0,ITUREN
31130,0.04,1.0,ITURMENDI
31131,0.04,1.0,IZA
31132,0.04,1.0,IZAGAONDOA
31133,0.06,1.0,IZALZU/ITZALTZU
31134,0.06,1.0,JAURRIETA
31135,0.04,1.0,JAVIER
31136,0.04,1.0,JUSLAPEÑA
31137,0.04,1.0,BEINTZA LABAIEN
31138,0.04,1.0,LAKUNTZA
31139,0.04,1.0,LANA
31140,0.04,1.0,LANTZ
31143,0.04,1.0,LARRAONA
31144,0.04,1.0,LARRAUN
31146,0.04,1.0,LEACHE
31147,0.04,1.0,LEGARDA
31148,0.04,1.0,LEGARIA
31149,0.04,1.0,LEITZA
31150,0.04,1.0,LEOZ
31151,0.04,1.0,LERGA
31153,0.04,1.0,LESAKA
31154,0.04,1.0,LEZÁUN
31155,0.04,1.0,LIÉDENA
31156,0.04,1.0,LIZOÁIN
31158,0.04,1.0,LÓNGUIDA/LONGIDA
31159,0.04,1.0,LUMBIER
31160,0.04,1.0,LUQUIN
31161,0.04,1.0,MAÑERU
31166,0.04,1.0,MENDAZA
31167,0.04,1.0,MENDIGORRÍA
31168,0.04,1.0,METAUTEN
31172,0.04,1.0,MONREAL
31174,0.04,1.0,MORENTIN
31177,0.04,1.0,MURIETA
31180,0.04,1.0,MURUZÁBAL
31181,0.05,1.0,NAVASCUÉS
31182,0.04,1.0,NAZAR
31183,0.04,1.0,OBANOS
31184,0.04,1.0,OCO
31185,0.06,1.0,OCHAGAVÍA
31186,0.04,1.0,ODIETA
31187,0.04,1.0,OITZ
31188,0.04,1.0,OLAIBAR
31189,0.04,1.0,OLAZTI/OLAZAGUTÍA
31190,0.04,1.0,OLEJUA
31192,0.04,1.0,OLÓRIZ
31193,0.04,1.0,OLZA
31194,0.04,1.0,OLLO
31195,0.05,1.0,ORBAITZETA
31196,0.05,1.0,ORBARA
31197,0.04,1.0,ORÍSOAIN
31198,0.06,1.0,ORONZ
31199,0.05,1.0,OROZ BETELU
31200,0.04,1.0,OTEIZA
31201,0.04,1.0,PAMPLONA/IRUÑA
31204,0.04,1.0,PIEDRAMILLERA
31206,0.04,1.0,PUENTE LA REINA/GARES
31207,0.04,1.0,PUEYO
31209,0.04,1.0,ROMANZADO
31210,0.06,1.0,RONCAL/ERRONKARI
31211,0.05,1.0,ORREAGA/RONCESVALLES
31212,0.04,1.0,SADA
31213,0.04,1.0,SALDÍAS
31214,0.04,1.0,SALINAS DE ORO
31216,0.04,1.0,SANGÜESA/ZANGOZA
31221,0.04,1.0,DONEZTEBE/SANTESTEBAN
31222,0.05,1.0,SARRIÉS/SARTZE
31225,0.04,1.0,SORLADA
31226,0.04,1.0,SUNBILLA
31228,0.04,1.0,TIEBAS MURUARTE DE RETA
31229,0.04,1.0,TIRAPU
31234,0.04,1.0,UCAR
31236,0.04,1.0,ULTZAMA
31237,0.04,1.0,UNCITI
31238,0.04,1.0,UNZUÉ
31239,0.05,1.0,URDAZUBI/URDAX
31240,0.04,1.0,URDIAIN
31241,0.05,1.0,URRAUL ALTO
31242,0.04,1.0,URRAUL BAJO
31243,0.04,1.0,URROZ
31244,0.04,1.0,URROTZ
31245,0.06,1.0,URZAINQUI
31246,0.04,1.0,UTERGA
31247,0.07,1.0,UZTÁRROZ/UZTARROZE
31248,0.05,1.0,LUZAIDE/VALCARLOS
31250,0.04,1.0,BERA/VERA DE BIDASOA
31252,0.05,1.0,VIDÁNGOZ/BIDANKOZE
31253,0.04,1.0,BIDAURRETA
31255,0.04,1.0,VILLAMAYOR DE MONJARDÍN
31256,0.05,1.0,HIRIBERRI/VILLANUEVA DE AEZKOA
31257,0.04,1.0,VILLATUERTA
31258,0.04,1.0,VILLAVA/ATARRABIA
31259,0.04,1.0,IGANTZI
31260,0.04,1.0,YERRI
31261,0.04,1.0,YESA
31262,0.04,1.0,ZABALZA
31263,0.04,1.0,ZUBIETA
31264,0.05,1.0,ZUGARRAMURDI
31265,0.04,1.0,ZÚÑIGA
31901,0.04,1.0,BARAÑAIN
31902,0.04,1.0,BERRRIOPLANO
31903,0.04,1.0,BERRIOZAR
31904,0.04,1.0,IRURTZUN
31906,0.04,1.0,ORCOYEN
32001,0.04,1.0,ALLARIZ
32002,0.04,1.0,AMOEIRO
32003,0.04,1.0,"ARNOIA, A"
32004,0.04,1.0,AVIÓN
32005,0.04,1.0,BALTAR
32006,0.04,1.0,BANDE
32007,0.04,1.0,BAÑOS DE MOLGAS
32008,0.04,1.0,BARBADÁS
32010,0.04,1.0,BEADE
32011,0.04,1.0,BEARIZ
32012,0.04,1.0,"BLANCOS, OS"
32013,0.04,1.0,BOBORÁS
32014,0.04,1.0,"BOLA, A"
32015,0.04,1.0,"BOLO, O"
32016,0.04,1.0,CALVOS DE RANDÍN
32018,0.04,1.0,CARBALLEDA DE AVIA
32019,0.04,1.0,"CARBALLIÑO, O"
32020,0.04,1.0,CARTELLE
32021,0.04,1.0,CASTRELO DO VAL
32022,0.04,1.0,CASTRELO DE MIÑO
32023,0.04,1.0,CASTRO CALDELAS
32024,0.04,1.0,CELANOVA
32025,0.04,1.0,CENLLE
32026,0.04,1.0,COLES
32027,0.04,1.0,CORTEGADA
32028,0.04,1.0,CUALEDRO
32029,0.04,1.0,CHANDREXA DE QUEIXA
32030,0.04,1.0,ENTRIMO
32031,0.04,1.0,ESGOS
32032,0.04,1.0,XINZO DE LIMIA
32033,0.04,1.0,GOMESENDE
32035,0.04,1.0,"IRIXO, O"
32036,0.04,1.0,XUNQUEIRA DE AMBÍA
32037,0.04,1.0,XUNQUEIRA DE ESPADANEDO
32038,0.04,1.0,LAROUCO
32039,0.04,1.0,LAZA
32040,0.04,1.0,LEIRO
32041,0.04,1.0,LOBEIRA
32042,0.04,1.0,LOBIOS
32043,0.04,1.0,MACEDA
32044,0.04,1.0,MANZANEDA
32045,0.04,1.0,MASIDE
32046,0.04,1.0,MELÓN
32047,0.04,1.0,"MERCA, A"
32049,0.04,1.0,MONTEDERRAMO
32050,0.04,1.0,MONTERREI
32051,0.04,1.0,MUÍÑOS
32052,0.04,1.0,NOGUEIRA DE RAMUÍN
32053,0.04,1.0,OÍMBRA
32054,0.04,1.0,OURENSE
32055,0.04,1.0,PADERNE DE ALLARIZ
32056,0.04,1.0,PADRENDA
32057,0.04,1.0,PARADA DE SIL
32058,0.04,1.0,"PEREIRO DE AGUIAR, O"
32059,0.04,1.0,"PEROXA, A"
32060,0.04,1.0,PETÍN
32061,0.04,1.0,PIÑOR
32062,0.04,1.0,PORQUEIRA
32063,0.04,1.0,"POBRA DE TRIVES, A"
32064,0.04,1.0,PONTEDEVA
32065,0.04,1.0,PUNXÍN
32066,0.04,1.0,QUINTELA DE LEIRADO
32067,0.04,1.0,RAIRIZ DE VEIGA
32068,0.04,1.0,RAMIRÁS
32069,0.04,1.0,RIBADAVIA
32070,0.04,1.0,SAN XOÁN DE RÍO
32072,0.04,1.0,"RÚA, A"
32074,0.04,1.0,SAN AMARO
32075,0.04,1.0,SAN CIBRAO DAS VIÑAS
32076,0.04,1.0,SAN CRISTOVO DE CEA
32077,0.04,1.0,SANDIÁS
32078,0.04,1.0,SARREAUS
32079,0.04,1.0,TABOADELA
32080,0.04,1.0,"TEIXEIRA, A"
32081,0.04,1.0,TOÉN
32082,0.04,1.0,TRASMIRAS
32084,0.04,1.0,VEREA
32085,0.04,1.0,VERÍN
32086,0.04,1.0,VIANA DO BOLO
32087,0.04,1.0,VILAMARÍN
32088,0.04,1.0,VILAMARTÍN DE VALDEORRAS
32089,0.04,1.0,VILAR DE BARRIO
32090,0.04,1.0,VILAR DE SANTOS
32092,0.04,1.0,VILARIÑO DE CONSO
35001,0.04,1.0,AGAETE
35002,0.04,1.0,AGÜIMES
35003,0.04,1.0,ANTIGUA
35004,0.04,1.0,ARRECIFE
35005,0.04,1.0,ARTENARA
35006,0.04,1.0,ARUCAS
35007,0.04,1.0,BETANCURIA
35008,0.04,1.0,FIRGAS
35009,0.04,1.0,GÁLDAR
35010,0.04,1.0,HARÍA
35011,0.04,1.0,INGENIO
35012,0.04,1.0,MOGÁN
35013,0.04,1.0,MOYA
35014,0.04,1.0,"OLIVA, LA"
35015,0.04,1.0,PÁJARA
35016,0.04,1.0,"PALMAS DE GRAN CANARIA, LAS"
35017,0.04,1.0,PUERTO DEL ROSARIO
35018,0.04,1.0,SAN BARTOLOMÉ
35019,0.04,1.0,SAN BARTOLOMÉ DE TIRAJANA
35020,0.04,1.0,SAN NICOLÁS DE TOLENTINO
35021,0.04,1.0,SANTA BRÍGIDA
35022,0.04,1.0,SANTA LUCÍA DE TIRAJANA
35023,0.04,1.0,SANTA MARÍA DE GUÍA DE GRAN CANARIA
35024,0.04,1.0,TEGUISE
35025,0.04,1.0,TEJEDA
35026,0.04,1.0,TELDE
35027,0.04,1.0,TEROR
35028,0.04,1.0,TÍAS
35029,0.04,1.0,TINAJO
35030,0.04,1.0,TUINEJE
35031,0.04,1.0,VALSEQUILLO DE GRAN CANARIA
35032,0.04,1.0,VALLESECO
35033,0.04,1.0,VEGA DE SAN MATEO
35034,0.04,1.0,YAIZA
36001,0.04,1.0,ARBO
36009,0.04,1.0,"CAÑIZA, A"
36013,0.04,1.0,COVELO
36014,0.04,1.0,CRECENTE
36016,0.04,1.0,DOZÓN
36018,0.04,1.0,FORCAREI
36020,0.04,1.0,AGOLADA
36024,0.04,1.0,LALÍN
36030,0.04,1.0,MONDARIZ
36031,0.04,1.0,MONDARIZ BALNEARIO O TRONCOSO
36034,0.04,1.0,"NEVES, AS"
36038,0.04,1.0,"IGREXA, A | PEDREIRA, A"
36047,0.04,1.0,RODEIRO
36052,0.04,1.0,SILLEDA
36059,0.04,1.0,VILA DE CRUCES
38001,0.04,1.0,ADEJE
38002,0.04,1.0,AGULO
38003,0.04,1.0,ALAJERÓ
38004,0.04,1.0,ARAFO
38005,0.04,1.0,ARICO
38006,0.04,1.0,ARONA
38007,0.04,1.0,BARLOVENTO
38008,0.04,1.0,BREÑA ALTA
38009,0.04,1.0,BREÑA BAJA
38010,0.04,1.0,BUENAVISTA DEL NORTE
38011,0.04,1.0,CANDELARIA
38012,0.04,1.0,FASNIA
38013,0.04,1.0,FRONTERA
38014,0.04,1.0,FUENCALIENTE DE LA PALMA
38015,0.04,1.0,GARACHICO
38016,0.04,1.0,GARAFÍA
38017,0.04,1.0,GRANADILLA DE ABONA
38018,0.04,1.0,"GUANCHA, LA"
38019,0.04,1.0,GUÍA DE ISORA
38020,0.04,1.0,GÜÍMAR
38021,0.04,1.0,HERMIGUA
38022,0.04,1.0,ICOD DE LOS VINOS
38023,0.04,1.0,SAN CRISTÓBAL DE LA LAGUNA
38024,0.04,1.0,"LLANOS DE ARIDANE, LOS"
38025,0.04,1.0,"MATANZA DE ACENTEJO, LA"
38026,0.04,1.0,"OROTAVA, LA"
38027,0.04,1.0,"PASO, EL"
38028,0.04,1.0,PUERTO DE LA CRUZ
38029,0.04,1.0,PUNTAGORDA
38030,0.04,1.0,PUNTALLANA
38031,0.04,1.0,"REALEJOS, LOS"
38032,0.04,1.0,"ROSARIO, EL"
38033,0.04,1.0,SAN ANDRÉS Y SAUCES
38034,0.04,1.0,SAN JUAN DE LA RAMBLA
38035,0.04,1.0,SAN MIGUEL DE ABONA
38036,0.04,1.0,SAN SEBASTIÁN DE LA GOMERA
38037,0.04,1.0,SANTA CRUZ DE LA PALMA
38038,0.04,1.0,SANTA CRUZ DE TENERIFE
38039,0.04,1.0,SANTA ÚRSULA
38040,0.04,1.0,SANTIAGO DEL TEIDE
38041,0.04,1.0,"SAUZAL, EL"
38042,0.04,1.0,"SILOS, LOS"
38043,0.04,1.0,TACORONTE
38044,0.04,1.0,"TANQUE, EL"
38045,0.04,1.0,TAZACORTE
38046,0.04,1.0,TEGUESTE
38047,0.04,1.0,TIJARAFE
38048,0.04,1.0,VALVERDE
38049,0.04,1.0,VALLE GRAN REY
38050,0.04,1.0,VALLEHERMOSO
38051,0.04,1.0,"VICTORIA DE ACENTEJO, LA"
38052,0.04,1.0,VILAFLOR
38053,0.04,1.0,VILLA DE MAZO
41001,0.07,1.0,AGUADULCE
41002,0.04,1.2,ALANÍS
41003,0.07,1.1,ALBAIDA DEL ALJARAFE
41004,0.06,1.1,ALCALÁ DE GUADAIRA
41005,0.07,1.1,ALCALÁ DEL RÍO
41006,0.06,1.1,ALCOLEA DEL RÍO
41007,0.07,1.2,"ALGABA, LA"
41008,0.08,1.0,ALGÁMITAS
41009,0.05,1.2,ALMADÉN DE LA PLATA
41010,0.07,1.1,ALMENSILLA
41011,0.06,1.1,ARAHAL
41012,0.08,1.2,AZNALCÁZAR
41013,0.07,1.2,AZNALCÓLLAR
41014,0.07,1.0,BADOLATOSA
41015,0.08,1.1,BENACAZÓN
41016,0.07,1.1,BOLLULLOS DE LA MITACIÓN
41017,0.07,1.1,BORMUJOS
41018,0.06,1.1,BRENES
41019,0.06,1.1,BURGUILLOS
41020,0.07,1.1,"CABEZAS DE SAN JUAN, LAS"
41021,0.07,1.2,CAMAS
41022,0.06,1.1,"CAMPANA, LA"
41023,0.06,1.1,CANTILLANA
41024,0.06,1.1,CARMONA
41025,0.08,1.2,CARRIÓN DE LOS CÉSPEDES
41026,0.07,1.0,CASARICHE
41027,0.06,1.2,CASTILBLANCO DE LOS ARROYOS
41028,0.07,1.2,CASTILLEJA DE GUZMÁN
41029,0.07,1.1,CASTILLEJA DE LA CUESTA
41030,0.08,1.2,CASTILLEJA DEL CAMPO
41031,0.07,1.2,"CASTILLO DE LAS GUARDAS, EL"
41032,0.05,1.2,CAZALLA DE LA SIERRA
41033,0.05,1.1,CONSTANTINA
41034,0.07,1.1,CORIA DEL RÍO
41035,0.08,1.0,CORIPE
41036,0.07,1.1,"CORONIL, EL"
41037,0.08,1.0,"CORRALES, LOS"
41038,0.07,1.1,DOS HERMANAS
41039,0.06,1.1,ÉCIJA
41040,0.07,1.1,ESPARTINAS
41041,0.07,1.0,ESTEPA
41042,0.06,1.1,FUENTES DE ANDALUCÍA
41043,0.07,1.2,"GARROBO, EL"
41044,0.07,1.1,GELVES
41045,0.07,1.2,GERENA
41046,0.07,1.0,GILENA
41047,0.07,1.1,GINES
41048,0.04,1.2,GUADALCANAL
41049,0.07,1.2,GUILLENA
41050,0.06,1.0,HERRERA
41051,0.08,1.2,HUÉVAR DE ALJARAFE
41052,0.06,1.1,"LANTEJUELA, LA"
41053,0.06,1.2,LEBRIJA
41054,0.07,1.0,LORA DE ESTEPA
41055,0.06,1.1,LORA DEL RÍO
41056,0.06,1.1,"LUISIANA, LA"
41057,0.07,1.2,"MADROÑO, EL"
41058,0.06,1.1,MAIRENA DEL ALCOR
41059,0.07,1.1,MAIRENA DEL ALJARAFE
41060,0.06,1.1,MARCHENA
41061,0.06,1.0,MARINALEDA
41062,0.08,1.0,MARTÍN DE LA JARA
41063,0.06,1.1,"MOLARES, LOS"
41064,0.07,1.1,MONTELLANO
41065,0.07,1.1,MORÓN DE LA FRONTERA
41066,0.05,1.1,"NAVAS DE LA CONCEPCIÓN, LAS"
41067,0.07,1.1,OLIVARES
41068,0.07,1.0,OSUNA
41069,0.07,1.1,"PALACIOS Y VILLAFRANCA, LOS"
41070,0.07,1.1,PALOMARES DEL RÍO
41071,0.06,1.1,PARADAS
41072,0.07,1.0,PEDRERA
41073,0.05,1.1,"PEDROSO, EL"
41074,0.06,1.1,PEÑAFLOR
41075,0.08,1.2,PILAS
41076,0.08,1.0,PRUNA
41077,0.06,1.1,"PUEBLA DE CAZALLA, LA"
41078,0.06,1.1,"PUEBLA DE LOS INFANTES, LA"
41079,0.07,1.1,"PUEBLA DEL RÍO, LA"
41080,0.05,1.2,"REAL DE LA JARA, EL"
41081,0.07,1.1,"RINCONADA, LA"
41082,0.07,1.0,"RODA DE ANDALUCÍA, LA"
41083,0.06,1.2,"RONQUILLO, EL"
41084,0.06,1.0,"RUBIO, EL"
41085,0.07,1.2,SALTERAS
41086,0.07,1.1,SAN JUAN DE AZNALFARACHE
41087,0.08,1.1,SANLÚCAR LA MAYOR
41088,0.04,1.2,SAN NICOLÁS DEL PUERTO
41089,0.07,1.2,SANTIPONCE
41090,0.08,1.0,"SAUCEJO, EL"
41091,0.07,1.1,SEVILLA
41092,0.06,1.1,TOCINA
41093,0.07,1.1,TOMARES
41094,0.07,1.1,UMBRETE
41095,0.06,1.1,UTRERA
41096,0.07,1.2,VALENCINA DE LA CONCEPCIÓN
41097,0.08,1.2,VILLAMANRIQUE DE LA CONDESA
41098,0.07,1.1,VILLANUEVA DEL ARISCAL
41099,0.06,1.1,VILLANUEVA DEL RÍO Y MINAS
41100,0.08,1.0,VILLANUEVA DE SAN JUAN
41101,0.06,1.1,VILLAVERDE DEL RÍO
41102,0.06,1.1,"VISO DEL ALCOR, EL"
41901,0.06,1.1,CAÑADA ROSAL
41902,0.08,1.2,ISLA MAYOR
41903,0.06,1.2,"CUERVO DE SEVILLA, EL"
43001,0.04,1.0,AIGUAMÚRCIA
43002,0.04,1.0,ALBINYANA
43003,0.04,1.0,"ALBIOL, L'"
43005,0.04,1.0,ALCOVER
43006,0.04,1.0,ALDOVER
43007,0.04,1.0,"ALEIXAR, L'"
43009,0.04,1.0,ALFORJA
43010,0.04,1.0,ALIÓ
43011,0.04,1.0,ALMOSTER
43012,0.04,1.0,ALTAFULLA
43013,0.04,1.0,"AMETLLA DE MAR, L'"
43014,0.04,1.0,AMPOSTA
43015,0.04,1.0,ARBOLÍ
43016,0.04,1.0,"ARBOÇ, L'"
43017,0.04,1.0,"ARGENTERA, L'"
43019,0.04,1.0,ASCÓ
43020,0.04,1.0,BANYERES DEL PENEDÈS
43021,0.04,1.0,BARBERÀ DE LA CONCA
43023,0.04,1.0,BELLMUNT DEL PRIORAT
43024,0.04,1.0,BELLVEI
43025,0.04,1.0,BENIFALLET
43026,0.04,1.0,BENISSANET
43027,0.04,1.0,"BISBAL DE FALSET, LA"
43028,0.04,1.0,"BISBAL DEL PENEDÈS, LA"
43029,0.04,1.0,BLANCAFORT
43030,0.04,1.0,BONASTRE
43031,0.04,1.0,"BORGES DEL CAMP, LES"
43033,0.04,1.0,BOTARELL
43034,0.04,1.0,BRÀFIM
43035,0.04,1.0,CABACÉS
43036,0.04,1.0,CABRA DEL CAMP
43037,0.04,1.0,CALAFELL
43038,0.04,1.0,CAMBRILS
43039,0.04,1.0,CAPAFONTS
43040,0.04,1.0,CAPÇANES
43042,0.04,1.0,CASTELLVELL DEL CAMP
43043,0.04,1.0,"CATLLAR, EL"
43045,0.04,1.0,COLLDEJOU
43046,0.04,1.0,CONESA
43047,0.04,1.0,CONSTANTÍ
43048,0.04,1.0,CORBERA D'EBRE
43049,0.04,1.0,CORNUDELLA DE MONTSANT
43050,0.04,1.0,CREIXELL
43051,0.04,1.0,CUNIT
43052,0.04,1.0,XERTA
43053,0.04,1.0,DUESAIGÜES
43054,0.04,1.0,"ESPLUGA DE FRANCOLÍ, L'"
43055,0.04,1.0,FALSET
43056,0.04,1.0,"FATARELLA, LA"
43057,0.04,1.0,"FEBRÓ, LA"
43058,0.04,1.0,"FIGUERA, LA"
43059,0.04,1.0,FIGUEROLA DEL CAMP
43060,0.04,1.0,FLIX
43061,0.04,1.0,FORÈS
43062,0.04,1.0,FREGINALS
43065,0.04,1.0,GARCIA
43066,0.04,1.0,"GARIDELLS, ELS"
43067,0.04,1.0,GINESTAR
43069,0.04,1.0,GRATALLOPS
43070,0.04,1.0,"GUIAMETS, ELS"
43072,0.04,1.0,"LLOAR, EL"
43074,0.04,1.0,LLORENÇ DEL PENEDÈS
43075,0.04,1.0,MARGALEF
43076,0.04,1.0,MARÇÀ
43078,0.04,1.0,MASDENVERGE
43079,0.04,1.0,MASLLORENÇ
43080,0.04,1.0,"MASÓ, LA"
43081,0.04,1.0,MASPUJOLS
43082,0.04,1.0,"MASROIG, EL"
43083,0.04,1.0,"MILÀ, EL"
43084,0.04,1.0,MIRAVET
43085,0.04,1.0,"MOLAR, EL"
43086,0.04,1.0,MONTBLANC
43088,0.04,1.0,MONTBRIÓ DEL CAMP
43089,0.04,1.0,MONTFERRI
43090,0.04,1.0,"MONTMELL, EL"
43091,0.04,1.0,MONT RAL
43092,0.04,1.0,MONT ROIG DEL CAMP
43093,0.04,1.0,MÓRA D'EBRE
43094,0.04,1.0,MÓRA LA NOVA
43095,0.04,1.0,"MORELL, EL"
43096,0.04,1.0,"MORERA DE MONTSANT, LA"
43097,0.04,1.0,"NOU DE GAIÀ, LA"
43098,0.04,1.0,NULLES
43099,0.04,1.0,"PALMA D'EBRE, LA"
43100,0.04,1.0,"PALLARESOS, ELS"
43103,0.04,1.0,PERAFORT
43104,0.04,1.0,"PERELLÓ, EL"
43105,0.04,1.0,"PILES, LES"
43106,0.04,1.0,"PINELL DE BRAI, EL"
43107,0.04,1.0,PIRA
43108,0.04,1.0,"PLA DE SANTA MARIA, EL"
43109,0.04,1.0,"POBLA DE MAFUMET, LA"
43111,0.04,1.0,"POBLA DE MONTORNÈS, LA"
43112,0.04,1.0,POBOLEDA
43113,0.04,1.0,"PONT D'ARMENTERA, EL"
43114,0.04,1.0,PORRERA
43115,0.04,1.0,PRADELL DE LA TEIXETA
43116,0.04,1.0,PRADES
43118,0.04,1.0,PRATDIP
43119,0.04,1.0,PUIGPELAT
43120,0.04,1.0,QUEROL
43121,0.04,1.0,RASQUERA
43122,0.04,1.0,RENAU
43123,0.04,1.0,REUS
43124,0.04,1.0,"RIBA, LA"
43126,0.04,1.0,"RIERA DE GAIÀ, LA"
43127,0.04,1.0,RIUDECANYES
43128,0.04,1.0,RIUDECOLS
43129,0.04,1.0,RIUDOMS
43130,0.04,1.0,ROCAFORT DE QUERALT
43131,0.04,1.0,RODA DE BARÀ
43132,0.04,1.0,RODONYÀ
43133,0.04,1.0,ROQUETES
43134,0.04,1.0,"ROURELL, EL"
43135,0.04,1.0,SALOMÓ
43136,0.04,1.0,SANT CARLES DE LA RÀPITA
43137,0.04,1.0,SANT JAUME DELS DOMENYS
43138,0.04,1.0,SANTA BÀRBARA
43139,0.04,1.0,SANTA COLOMA DE QUERALT
43140,0.04,1.0,SANTA OLIVA
43141,0.04,1.0,PONTILS
43142,0.04,1.0,SARRAL
43144,0.04,1.0,"SECUITA, LA"
43145,0.04,1.0,"SELVA DEL CAMP, LA"
43147,0.04,1.0,SOLIVELLA
43148,0.04,1.0,TARRAGONA
43149,0.04,1.0,TIVENYS
43150,0.04,1.0,TIVISSA
43151,0.04,1.0,"TORRE DE FONTAUBELLA, LA"
43152,0.04,1.0,"TORRE DE L'ESPANYOL, LA"
43153,0.04,1.0,TORREDEMBARRA
43154,0.04,1.0,TORROJA DEL PRIORAT
43155,0.04,1.0,TORTOSA
43157,0.04,1.0,ULLDEMOLINS
43158,0.04,1.0,VALLCLARA
43160,0.04,1.0,VALLMOLL
43161,0.04,1.0,VALLS
43162,0.04,1.0,VANDELLÒS I L'HOSPITALET DE L'INFANT
43163,0.04,1.0,"VENDRELL, EL"
43164,0.04,1.0,VESPELLA DE GAIÀ
43165,0.04,1.0,VILABELLA
43166,0.04,1.0,VILALLONGA DEL CAMP
43167,0.04,1.0,VILANOVA D'ESCORNALBOU
43168,0.04,1.0,VILANOVA DE PRADES
43169,0.04,1.0,VILAPLANA
43170,0.04,1.0,VILA RODONA
43171,0.04,1.0,VILA SECA
43172,0.04,1.0,VILAVERD
43173,0.04,1.0,"VILELLA ALTA, LA"
43174,0.04,1.0,"VILELLA BAIXA, LA"
43176,0.04,1.0,VIMBODÍ
43177,0.04,1.0,VINEBRE
43178,0.04,1.0,VINYOLS I ELS ARCS
43901,0.04,1.0,DELTEBRE
43902,0.04,1.0,SANT JAUME D'ENVEJA
43903,0.04,1.0,CAMARLES
43904,0.04,1.0,"ALDEA, L'"
43905,0.04,1.0,SALOU
43906,0.04,1.0,"AMPOLLA, L’"
46002,0.07,1.0,ADOR
46003,0.07,1.0,ATZENETA D'ALBAIDA
46004,0.07,1.0,AGULLENT
46005,0.07,1.0,ALAQUÀS
46006,0.07,1.0,ALBAIDA
46007,0.07,1.0,ALBAL
46008,0.07,1.0,ALBALAT DE LA RIBERA
46009,0.06,1.0,ALBALAT DELS SORELLS
46010,0.04,1.0,ALBALAT DELS TARONGERS
46011,0.07,1.0,ALBERIC
46012,0.06,1.0,ALBORACHE
46013,0.06,1.0,ALBORAYA
46014,0.06,1.0,ALBUIXECH
46015,0.07,1.0,ALCÀSSER
46016,0.07,1.0,ALCÀNTERA DE XÚQUER
46017,0.07,1.0,ALZIRA
46019,0.07,1.0,"ALCÚDIA, L'"
46020,0.07,1.0,"ALCÚDIA DE CRESPINS, L'"
46021,0.07,1.0,ALDAIA
46022,0.07,1.0,ALFAFAR
46023,0.07,1.0,ALFAUIR
46025,0.06,1.0,ALFARA DEL PATRIARCA
46026,0.07,1.0,ALFARP
46027,0.07,1.0,ALFARRASÍ
46029,0.07,1.0,ALGEMESÍ
46030,0.04,1.0,ALGIMIA DE ALFARA
46031,0.07,1.0,ALGINET
46032,0.06,1.0,ALMÀSSERA
46033,0.07,1.0,ALMISERÀ
46034,0.07,1.0,ALMOINES
46035,0.07,1.0,ALMUSSAFES
46037,0.07,1.0,"ALQUERÍA DE LA CONDESA/ ALQUERÍA DE LA COMTESSA, L´"
46039,0.07,1.0,ANNA
46040,0.07,1.0,ANTELLA
46042,0.07,1.0,AIELO DE MALFERIT
46043,0.07,1.0,AIELO DE RUGAT
46044,0.07,1.0,AYORA
46045,0.07,1.0,BARXETA
46046,0.07,1.0,BARX
46047,0.07,1.0,BÈLGIDA
46048,0.07,1.0,BELLREGUARD
46049,0.07,1.0,BELLÚS
46051,0.05,1.0,BENAGUASIL
46053,0.07,1.0,BENEIXIDA
46054,0.07,1.0,BENETÚSSER
46055,0.07,1.0,BENIARJÓ
46056,0.07,1.0,BENIATJAR
46057,0.07,1.0,BENICOLET
46059,0.07,1.0,BENIFAIRÓ DE LA VALLDIGNA
46060,0.07,1.0,BENIFAIÓ
46061,0.07,1.0,BENIFLÁ
46062,0.07,1.0,BENIGÁNIM
46063,0.07,1.0,BENIMODO
46064,0.07,1.0,BENIMUSLEM
46065,0.07,1.0,BENIPARRELL
46066,0.07,1.0,BENIRREDRÀ
46067,0.05,1.0,BENISANÓ
46068,0.07,1.0,BENISODA
46069,0.07,1.0,BENISUERA
46070,0.06,1.0,BÉTERA
46071,0.07,1.0,BICORP
46072,0.07,1.0,BOCAIRENT
46073,0.07,1.0,BOLBAITE
46074,0.06,1.0,BONREPÒS I MIRAMBELL
46075,0.07,1.0,BUFALI
46077,0.06,1.0,BUÑOL
46078,0.06,1.0,BURJASSOT
46081,0.07,1.0,CANALS
46082,0.04,1.0,CANET D'EN BERENGUER
46083,0.07,1.0,CARCAIXENT
46084,0.07,1.0,CÀRCER
46085,0.07,1.0,CARLET
46086,0.07,1.0,CARRÍCOLA
46090,0.07,1.0,CASTELLÓ DE RUGAT
46091,0.07,1.0,CASTELLONET DE LA CONQUESTA
46093,0.07,1.0,CATADAU
46094,0.07,1.0,CATARROJA
46096,0.07,1.0,CERDÀ
46097,0.06,1.0,COFRENTES
46098,0.07,1.0,CORBERA
46099,0.06,1.0,CORTES DE PALLÁS
46100,0.07,1.0,COTES
46102,0.07,1.0,QUART DE POBLET
46104,0.07,1.0,QUATRETONDA
46105,0.07,1.0,CULLERA
46107,0.07,1.0,CHELLA
46109,0.06,1.0,CHESTE
46110,0.07,1.0,XIRIVELLA
46111,0.06,1.0,CHIVA
46113,0.07,1.0,DAIMÚS
46115,0.07,1.0,DOS AGUAS
46116,0.06,1.0,"ELIANA, L'"
46117,0.06,1.0,EMPERADOR
46118,0.07,1.0,ENGUERA
46119,0.07,1.0,"ÈNOVA, L'"
46120,0.04,1.0,ESTIVELLA
46121,0.07,1.0,ESTUBENY
46123,0.07,1.0,FAVARA
46124,0.07,1.0,FONTANARS DELS ALFORINS
46125,0.07,1.0,FORTALENY
46126,0.06,1.0,FOIOS
46127,0.07,1.0,"FONT D'EN CARRÒS, LA"
46128,0.07,1.0,"FONT DE LA FIGUERA, LA"
46130,0.07,1.0,GAVARDA
46131,0.07,1.0,GANDIA
46132,0.07,1.0,GENOVÉS
46134,0.05,1.0,GILET
46135,0.06,1.0,GODELLA
46136,0.06,1.0,GODELLETA
46137,0.07,1.0,"GRANJA DE LA COSTERA, LA"
46138,0.07,1.0,GUADASEQUIES
46139,0.07,1.0,GUADASSUAR
46140,0.07,1.0,GUARDAMAR
46142,0.06,1.0,JALANCE
46143,0.07,1.0,XERACO
46144,0.06,1.0,JARAFUEL
46145,0.07,1.0,XÀTIVA
46146,0.07,1.0,XERESA
46147,0.05,1.0,LLÍRIA
46148,0.06,1.0,LORIGUILLA
46150,0.07,1.0,LLUTXENT
46151,0.07,1.0,LLOCNOU D'EN FENOLLET
46152,0.07,1.0,LUGAR NUEVO DE LA CORONA
46153,0.07,1.0,LLOCNOU DE SANT JERONI
46154,0.07,1.0,LLANERA DE RANES
46155,0.07,1.0,LLAURÍ
46156,0.07,1.0,LLOMBAI
46157,0.07,1.0,LLOSA DE RANES
46158,0.06,1.0,MACASTRE
46159,0.06,1.0,MANISES
46160,0.07,1.0,MANUEL
46162,0.07,1.0,MASALAVÉS
46163,0.06,1.0,MASSALFASSAR
46164,0.06,1.0,MASSAMAGRELL
46165,0.07,1.0,MASSANASSA
46166,0.06,1.0,MELIANA
46167,0.07,1.0,MILLARES
46168,0.07,1.0,MIRAMAR
46169,0.07,1.0,MISLATA
46170,0.07,1.0,MOGENTE/MOIXENT
46171,0.06,1.0,MONCADA
46172,0.07,1.0,MONSERRAT
46173,0.07,1.0,MONTAVERNER
46174,0.07,1.0,MONTESA
46175,0.07,1.0,MONTICHELVO
46176,0.07,1.0,MONTROY
46177,0.06,1.0,MUSEROS
46178,0.05,1.0,NÁQUERA
46179,0.07,1.0,NAVARRÉS
46180,0.07,1.0,NOVELÉ/NOVETLÈ
46181,0.07,1.0,OLIVA
46182,0.04,1.0,OLOCAU
46183,0.07,1.0,"OLLERIA, L'"
46184,0.07,1.0,ONTINYENT
46185,0.07,1.0,OTOS
46186,0.07,1.0,PAIPORTA
46187,0.07,1.0,PALMA DE GANDÍA
46188,0.07,1.0,PALMERA
46189,0.07,1.0,"PALOMAR, EL"
46190,0.06,1.0,PATERNA
46191,0.04,1.0,PEDRALBA
46192,0.04,1.0,PETRÉS
46193,0.07,1.0,PICANYA
46194,0.07,1.0,PICASSENT
46195,0.07,1.0,PILES
46196,0.07,1.0,PINET
46197,0.07,1.0,POLINYÀ DE XÚQUER
46198,0.07,1.0,POTRÍES
46199,0.06,1.0,"POBLA DE FARNALS, LA"
46200,0.07,1.0,"POBLA DEL DUC, LA"
46202,0.05,1.0,"POBLA DE VALLBONA, LA"
46203,0.07,1.0,"POBLA LLARGA, LA"
46204,0.05,1.0,PUIG
46205,0.05,1.0,PUÇOL
46206,0.07,1.0,QUESA
46207,0.06,1.0,RAFELBUÑOL/RAFELBUNYOL
46208,0.07,1.0,RAFELCOFER
46209,0.07,1.0,RAFELGUARAF
46210,0.07,1.0,RÁFOL DE SALEM
46211,0.07,1.0,REAL DE GANDÍA
46212,0.07,1.0,REAL DE MONTROI
46214,0.06,1.0,RIBA ROJA DE TÚRIA
46215,0.07,1.0,RIOLA
46216,0.06,1.0,ROCAFORT
46217,0.07,1.0,ROTGLÁ Y CORBERÁ
46218,0.07,1.0,RÓTOVA
46219,0.07,1.0,RUGAT
46220,0.04,1.0,SAGUNTO/SAGUNT
46221,0.07,1.0,SALEM
46222,0.07,1.0,SAN JUAN DE ÉNOVA
46223,0.07,1.0,SEDAVÍ
46224,0.05,1.0,SEGART
46225,0.07,1.0,SELLENT
46226,0.07,1.0,SEMPERE
46227,0.07,1.0,SENYERA
46228,0.05,1.0,SERRA
46229,0.04,1.0,SIETE AGUAS
46230,0.07,1.0,SILLA
46231,0.07,1.0,SIMAT DE LA VALLDIGNA
46233,0.07,1.0,SOLLANA
46235,0.07,1.0,SUECA
46236,0.07,1.0,SUMACÀRCER
46237,0.06,1.0,TAVERNES BLANQUES
46238,0.07,1.0,TAVERNES DE LA VALLDIGNA
46239,0.07,1.0,TERESA DE COFRENTES
46240,0.07,1.0,TERRATEIG
46243,0.07,1.0,TORRELLA
46244,0.07,1.0,TORRENT
46245,0.04,1.0,TORRES TORRES
46246,0.07,1.0,TOUS
46248,0.06,1.0,TURÍS
46250,0.06,1.0,VALENCIA
46251,0.07,1.0,VALLADA
46253,0.07,1.0,VALLÉS
46255,0.07,1.0,VILLALONGA
46256,0.05,1.0,VILAMARXANT
46257,0.07,1.0,VILLANUEVA DE CASTELLÓN
46260,0.06,1.0,VINALESA
46261,0.06,1.0,YÁTOVA
46263,0.07,1.0,ZARRA
46903,0.06,1.0,SAN ANTONIO DE BENAGÉBER
50035,0.04,1.0,ARTIEDA
50041,0.04,1.0,BAGÜÉS
50168,0.04,1.0,MIANOS
50186,0.04,1.0,NAVARDÚN
50210,0.04,1.0,"PINTANOS, LOS"
50232,0.05,1.0,SALVATIERRA DE ESCA
50245,0.04,1.0,SIGÜÉS
50268,0.04,1.0,UNDUÉS DE LERDA
50270,0.04,1.0,URRIÉS
51001,0.05,1.2,CEUTA
52001,0.08,1.0,MELILLA
