province_code,ncse02_name,ab_g,k,ine_code,match
04,ABLA,0.14,1.0,04001,exact
04,ABRUCENA,0.14,1.0,04002,exact
04,ADRA,0.14,1.0,04003,exact
04,ALBÁNCHEZ,0.14,1.0,04004,exact
04,ALBOLODUY,0.14,1.0,04005,exact
04,ALBOX,0.14,1.0,04006,exact
04,ALCOLEA,0.14,1.0,04007,exact
04,ALCÓNTAR,0.14,1.0,04008,exact
04,ALCUDIA DE MONTEAGUD,0.14,1.0,04009,exact
04,ALHABIA,0.14,1.0,04010,exact
04,ALHAMA DE ALMERÍA,0.14,1.0,04011,exact
04,ALICÚN,0.14,1.0,04012,exact
04,ALMERÍA,0.14,1.0,04013,exact
04,ALMÓCITA,0.14,1.0,04014,exact
04,ALSODUX,0.14,1.0,04015,exact
04,ANTAS,0.14,1.0,04016,exact
04,ARBOLEAS,0.14,1.0,04017,exact
04,ARMUÑA DE ALMANZORA,0.14,1.0,04018,exact
04,BACARES,0.14,1.0,04019,exact
04,BAYÁRCAL,0.14,1.0,04020,exact
04,BAYARQUE,0.14,1.0,04021,exact
04,BÉDAR,0.14,1.0,04022,exact
04,BEIRES,0.14,1.0,04023,exact
04,BENAHADUX,0.14,1.0,04024,exact
04,BENITAGLA,0.14,1.0,04026,exact
04,BENIZALÓN,0.14,1.0,04027,exact
04,BENTARIQUE,0.14,1.0,04028,exact
04,BERJA,0.14,1.0,04029,exact
04,CANJÁYAR,0.14,1.0,04030,exact
04,CANTORIA,0.14,1.0,04031,exact
04,CARBONERAS,0.12,1.0,04032,exact
04,CASTRO DE FILABRES,0.14,1.0,04033,exact
04,CÓBDAR,0.14,1.0,04034,exact
04,CUEVAS DEL ALMANZORA,0.14,1.0,04035,exact
04,CHERCOS,0.14,1.0,04036,exact
04,CHIRIVEL,0.14,1.0,04037,exact
04,DALÍAS,0.14,1.0,04038,exact
04,"EJIDO, EL",0.14,1.0,04902,exact
04,ENIX,0.14,1.0,04041,exact
04,FELIX,0.14,1.0,04043,exact
04,FINES,0.14,1.0,04044,exact
04,FIÑANA,0.14,1.0,04045,exact
04,FONDÓN,0.14,1.0,04046,exact
04,GÁDOR,0.14,1.0,04047,exact
04,"GALLARDOS, LOS",0.14,1.0,04048,exact
04,GARRUCHA,0.13,1.0,04049,exact
04,GERGAL,0.14,1.0,04050,exact
04,HUÉCIJA,0.14,1.0,04051,exact
04,HUÉRCAL DE ALMERÍA,0.14,1.0,04052,exact
04,HUÉRCAL OVERA,0.14,1.0,04053,exact
04,ILLAR,0.14,1.0,04054,exact
04,INSTINCIÓN,0.14,1.0,04055,exact
04,LAROYA,0.14,1.0,04056,exact
04,LÁUJAR DE ANDARAX,0.14,1.0,04057,exact
04,LÍJAR,0.14,1.0,04058,exact
04,LUBRÍN,0.14,1.0,04059,exact
04,LUCAINENA DE LAS TORRES,0.14,1.0,04060,exact
04,LÚCAR,0.14,1.0,04061,exact
04,MACAEL,0.14,1.0,04062,exact
04,MARÍA,0.13,1.0,04063,exact
04,MOJÁCAR,0.13,1.0,04064,exact
04,"MOJONERA, LA",0.13,1.0,04903,exact
04,NACIMIENTO,0.14,1.0,04065,exact
04,NÍJAR,0.14,1.0,04066,exact
04,OHANES,0.14,1.0,04067,exact
04,OLULA DE CASTRO,0.14,1.0,04068,exact
04,OLULA DEL RÍO,0.14,1.0,04069,exact
04,ORIA,0.14,1.0,04070,exact
04,PADULES,0.14,1.0,04071,exact
04,PARTALOA,0.14,1.0,04072,exact
04,PATERNA DEL RÍO,0.14,1.0,04073,exact
04,PECHINA,0.14,1.0,04074,exact
04,PULPÍ,0.13,1.0,04075,exact
04,PURCHENA,0.14,1.0,04076,exact
04,RÁGOL,0.14,1.0,04077,exact
04,RIOJA,0.14,1.0,04078,exact
04,ROQUETAS DE MAR,0.13,1.0,04079,exact
04,SANTA CRUZ DE MARCHENA,0.14,1.0,04080,exact
04,SANTA FE DE MONDÚJAR,0.14,1.0,04081,exact
04,SENÉS,0.14,1.0,04082,exact
04,SERÓN,0.14,1.0,04083,exact
04,SIERRO,0.14,1.0,04084,exact
04,SOMONTÍN,0.14,1.0,04085,exact
04,SORBAS,0.14,1.0,04086,exact
04,SUFLÍ,0.14,1.0,04087,exact
04,TABERNAS,0.14,1.0,04088,exact
04,TABERNO,0.14,1.0,04089,exact
04,TAHAL,0.14,1.0,04090,exact
04,TERQUE,0.14,1.0,04091,exact
04,TÍJOLA,0.14,1.0,04092,exact
04,"TRES VILLAS, LAS",0.14,1.0,04901,exact
04,TURRE,0.13,1.0,04093,exact
04,TURRILLAS,0.14,1.0,04094,exact
04,ULEILA DEL CAMPO,0.14,1.0,04095,exact
04,URRÁCAL,0.14,1.0,04096,exact
04,VELEFIQUE,0.14,1.0,04097,exact
04,VÉLEZ BLANCO,0.13,1.0,04098,exact
04,VÉLEZ RUBIO,0.13,1.0,04099,exact
04,VERA,0.14,1.0,04100,exact
04,VIATOR,0.14,1.0,04101,exact
04,VÍCAR,0.14,1.0,04102,exact
04,ZURGENA,0.14,1.0,04103,exact
11,ALCALÁ DE LOS GAZULES,0.05,1.2,11001,exact
11,ALCALÁ DEL VALLE,0.08,1.0,11002,exact
11,ALGAR,0.06,1.1,11003,exact
11,ALGECIRAS,0.04,1.2,11004,exact
11,ALGODONALES,0.08,1.0,11005,exact
11,ARCOS DE LA FRONTERA,0.06,1.1,11006,exact
11,BARBATE,0.05,1.2,11007,exact
11,"BARRIOS, LOS",0.04,1.2,11008,exact
11,BENALUP CASAS VIEJAS,0.05,1.2,11901,exact
11,BENAOCAZ,0.07,1.0,11009,exact
11,BORNOS,0.07,1.1,11010,exact
11,"BOSQUE, EL",0.07,1.0,11011,exact
11,CÁDIZ,0.07,1.3,11012,exact
11,CASTELLAR DE LA FRONTERA,0.05,1.1,11013,exact
11,CONIL DE LA FRONTERA,0.05,1.2,11014,exact
11,CHICLANA DE LA FRONTERA,0.05,1.3,11015,exact
11,ESPERA,0.07,1.1,11017,exact
11,"GASTOR, EL",0.08,1.0,11018,exact
11,GRAZALEMA,0.08,1.0,11019,exact
11,JEREZ DE LA FRONTERA,0.06,1.2,11020,exact
11,JIMENA DE LA FRONTERA,0.06,1.1,11021,exact
11,"LÍNEA DE LA CONCEPCIÓN, LA",0.04,1.1,11022,exact
11,MEDINA SIDONIA,0.05,1.2,11023,exact
11,OLVERA,0.08,1.0,11024,exact
11,PATERNA DE RIVERA,0.05,1.2,11025,exact
11,PRADO DEL REY,0.08,1.0,11026,exact
11,"PUERTO DE SANTA MARÍA, EL",0.06,1.3,11027,exact
11,PUERTO REAL,0.06,1.3,11028,exact
11,PUERTO SERRANO,0.08,1.0,11029,exact
11,ROTA,0.07,1.2,11030,exact
11,SAN FERNANDO,0.06,1.3,11031,exact
11,SAN JOSÉ DEL VALLE,0.05,1.1,11902,exact
11,SAN ROQUE,0.04,1.1,11033,exact
11,SANLÚCAR DE BARRAMEDA,0.07,1.2,11032,exact
11,SETENIL DE LAS BODEGAS,0.08,1.0,11034,exact
11,TARIFA,0.04,1.2,11035,exact
11,TORRE ALHÁQUIME,0.08,1.0,11036,exact
11,TREBUJENA,0.07,1.2,11037,exact
11,UBRIQUE,0.07,1.1,11038,exact
11,VEJER DE LA FRONTERA,0.05,1.2,11039,exact
11,VILLALUENGA DEL ROSARIO,0.07,1.0,11040,exact
11,VILLAMARTÍN,0.08,1.0,11041,exact
11,ZAHARA,0.08,1.0,11042,exact
14,ADAMUZ,0.05,1.1,14001,exact
14,AGUILAR DE LA FRONTERA,0.06,1.0,14002,exact
14,ALMEDINILLA,0.1,1.0,14004,exact
14,ALMODÓVAR DEL RÍO,0.05,1.1,14005,exact
14,BAENA,0.07,1.0,14007,exact
14,BENAMEJÍ,0.08,1.0,14010,exact
14,BUJALANCE,0.06,1.0,14012,exact
14,CABRA,0.07,1.0,14013,exact
14,CAÑETE DE LAS TORRES,0.06,1.0,14014,exact
14,CARCABUEY,0.09,1.0,14015,exact
14,"CARLOTA, LA",0.06,1.1,14017,exact
14,"CARPIO, EL",0.05,1.0,14018,exact
14,CASTRO DEL RÍO,0.06,1.0,14019,exact
14,CÓRDOBA,0.05,1.1,14021,exact
14,DOÑA MENCÍA,0.07,1.0,14022,exact
14,ENCINAS REALES,0.08,1.0,14024,exact
14,ESPEJO,0.06,1.0,14025,exact
14,FERNÁN NÚÑEZ,0.06,1.0,14027,exact
14,FUENTE PALMERA,0.06,1.1,14030,exact
14,FUENTE TÓJAR,0.09,1.0,14031,exact
14,GUADALCÁZAR,0.06,1.1,14033,exact
14,HORNACHUELOS,0.05,1.1,14036,exact
14,IZNÁJAR,0.1,1.0,14037,exact
14,LUCENA,0.08,1.0,14038,exact
14,LUQUE,0.07,1.0,14039,exact
14,MONTALBÁN DE CÓRDOBA,0.06,1.0,14040,exact
14,MONTEMAYOR,0.06,1.0,14041,exact
14,MONTILLA,0.06,1.0,14042,exact
14,MONTORO,0.05,1.0,14043,exact
14,MONTURQUE,0.07,1.0,14044,exact
14,MORILES,0.07,1.0,14045,exact
14,NUEVA CARTEYA,0.06,1.0,14046,exact
14,OBEJO,0.04,1.1,14047,exact
14,PALENCIANA,0.08,1.0,14048,exact
14,PALMA DEL RÍO,0.06,1.1,14049,exact
14,PEDRO ABAD,0.05,1.0,14050,exact
14,POSADAS,0.06,1.1,14053,exact
14,PRIEGO DE CÓRDOBA,0.09,1.0,14055,exact
14,PUENTE GENIL,0.06,1.0,14056,exact
14,"RAMBLA, LA",0.06,1.0,14057,exact
14,RUTE,0.09,1.0,14058,exact
11,CHIPIONA,0.08,1.2,11016,exact
14,SAN SEBASTIÁN DE LOS BALLESTEROS,0.06,1.0,14059,exact
14,SANTAELLA,0.06,1.0,14060,exact
14,VALENZUELA,0.06,1.0,14063,exact
14,"VICTORIA, LA",0.06,1.0,14065,exact
14,VILLA DEL RÍO,0.05,1.0,14066,exact
14,VILLAFRANCA DE CÓRDOBA,0.05,1.0,14067,exact
14,VILLAHARTA,0.04,1.1,14068,exact
14,VILLAVICIOSA DE CÓRDOBA,0.04,1.1,14073,exact
14,ZUHEROS,0.07,1.0,14075,exact
18,AGRÓN,0.24,1.0,18001,exact
18,ALAMEDILLA,0.09,1.0,18002,exact
18,ALBOLOTE,0.23,1.0,18003,exact
18,ALBONDÓN,0.14,1.0,18004,exact
18,ALBUÑÁN,0.13,1.0,18005,exact
18,ALBUÑOL,0.14,1.0,18006,exact
18,ALBUÑUELAS,0.22,1.0,18007,exact
18,ALDEIRE,0.13,1.0,18010,exact
18,ALFACAR,0.22,1.0,18011,exact
18,ALGARINEJO,0.12,1.0,18012,exact
18,ALHAMA DE GRANADA,0.23,1.0,18013,exact
18,ALHENDÍN,0.24,1.0,18014,exact
18,ALICÚN DE ORTEGA,0.08,1.0,18015,exact
18,ALMEGÍJAR,0.15,1.0,18016,exact
18,ALMUÑÉCAR,0.16,1.0,18017,exact
18,ALPUJARRA DE LA SIERRA,0.14,1.0,18904,exact
18,ALQUIFE,0.13,1.0,18018,exact
18,ARENAS DEL REY,0.24,1.0,18020,exact
18,ARMILLA,0.24,1.0,18021,exact
18,ATARFE,0.23,1.0,18022,exact
18,BAZA,0.12,1.0,18023,exact
18,BEAS DE GRANADA,0.2,1.0,18024,exact
18,BEAS DE GUADIX,0.12,1.0,18025,exact
18,BENALÚA,0.11,1.0,18027,exact
18,BENALÚA DE LAS VILLAS,0.16,1.0,18028,exact
18,BENAMAUREL,0.12,1.0,18029,exact
18,BÉRCHULES,0.15,1.0,18030,exact
18,BUBIÓN,0.17,1.0,18032,exact
18,BUSQUÍSTAR,0.15,1.0,18033,exact
18,CACÍN,0.24,1.0,18034,exact
18,CÁDIAR,0.14,1.0,18035,exact
18,CÁJAR,0.23,1.0,18036,exact
18,"CALAHORRA, LA",0.13,1.0,18114,exact
18,CALICASAS,0.21,1.0,18037,exact
18,CAMPOTÉJAR,0.13,1.0,18038,exact
18,CANILES,0.13,1.0,18039,exact
18,CÁÑAR,0.18,1.0,18040,exact
18,CAPILEIRA,0.17,1.0,18042,exact
18,CARATAUNAS,0.17,1.0,18043,exact
18,CÁSTARAS,0.15,1.0,18044,exact
18,CASTILLÉJAR,0.11,1.0,18045,exact
18,CASTRIL,0.09,1.0,18046,exact
18,CENES DE LA VEGA,0.22,1.0,18047,exact
18,CIJUELA,0.23,1.0,18048,exact
18,COGOLLOS DE GUADIX,0.13,1.0,18049,exact
18,COGOLLOS DE LA VEGA,0.21,1.0,18050,exact
18,COLOMERA,0.18,1.0,18051,exact
18,CORTES DE BAZA,0.11,1.0,18053,exact
18,CORTES Y GRAENA,0.12,1.0,18054,exact
18,CUEVAS DEL CAMPO,0.1,1.0,18912,exact
18,CÚLLAR,0.13,1.0,18056,exact
18,CÚLLAR VEGA,0.24,1.0,18057,exact
18,CHAUCHINA,0.23,1.0,18059,exact
18,CHIMENEAS,0.24,1.0,18061,exact
18,CHURRIANA DE LA VEGA,0.24,1.0,18062,exact
18,DARRO,0.12,1.0,18063,exact
18,DEHESAS DE GUADIX,0.09,1.0,18064,exact
18,DEIFONTES,0.19,1.0,18066,exact
18,DIEZMA,0.14,1.0,18067,exact
18,DÍLAR,0.24,1.0,18068,exact
18,DÓLAR,0.13,1.0,18069,exact
18,DÚDAR,0.21,1.0,18070,exact
18,DÚRCAL,0.22,1.0,18071,exact
18,ESCÚZAR,0.25,1.0,18072,exact
18,FERREIRA,0.13,1.0,18074,exact
18,FONELAS,0.1,1.0,18076,exact
18,FREILA,0.11,1.0,18078,exact
18,FUENTE VAQUEROS,0.23,1.0,18079,exact
18,"GABIAS, LAS",0.24,1.0,18905,exact
18,GALERA,0.12,1.0,18082,exact
18,GOBERNADOR,0.1,1.0,18083,exact
18,GÓJAR,0.24,1.0,18084,exact
18,GOR,0.12,1.0,18085,exact
18,GORAFE,0.1,1.0,18086,exact
18,GRANADA,0.23,1.0,18087,exact
18,GUADAHORTUNA,0.09,1.0,18088,exact
18,GUADIX,0.12,1.0,18089,exact
18,"GUAJARES, LOS",0.18,1.0,18906,exact
18,GUALCHOS,0.13,1.0,18093,exact
18,GÜEJAR SIERRA,0.2,1.0,18094,exact
18,GÜEVÉJAR,0.21,1.0,18095,exact
18,HUÉLAGO,0.11,1.0,18096,exact
18,HUÉNEJA,0.14,1.0,18097,exact
18,HUÉSCAR,0.11,1.0,18098,exact
18,HUÉTOR DE SANTILLÁN,0.21,1.0,18099,exact
18,HUÉTOR TÁJAR,0.18,1.0,18100,exact
18,HUÉTOR VEGA,0.23,1.0,18101,exact
18,ILLORA,0.19,1.0,18102,exact
18,ITRABO,0.18,1.0,18103,exact
18,IZNALLOZ,0.16,1.0,18105,exact
18,JAYENA,0.24,1.0,18107,exact
18,JEREZ DEL MARQUESADO,0.13,1.0,18108,exact
18,JETE,0.18,1.0,18109,exact
18,JUN,0.22,1.0,18111,exact
18,JUVILES,0.15,1.0,18112,exact
18,LÁCHAR,0.23,1.0,18115,exact
18,LANJARÓN,0.18,1.0,18116,exact
18,LANTEIRA,0.13,1.0,18117,exact
18,LECRÍN,0.21,1.0,18119,exact
18,LENTEGÍ,0.2,1.0,18120,exact
18,LOBRAS,0.15,1.0,18121,exact
18,LOJA,0.16,1.0,18122,exact
18,LUGROS,0.14,1.0,18123,exact
18,LÚJAR,0.14,1.0,18124,exact
18,"MALAHÁ, LA",0.24,1.0,18126,exact
18,MARACENA,0.23,1.0,18127,exact
18,MARCHAL,0.12,1.0,18128,exact
18,MOCLÍN,0.19,1.0,18132,exact
18,MOLVÍZAR,0.17,1.0,18133,exact
18,MONACHIL,0.23,1.0,18134,exact
18,MONTEFRÍO,0.15,1.0,18135,exact
18,MONTEJÍCAR,0.1,1.0,18136,exact
18,MONTILLANA,0.12,1.0,18137,exact
18,MORALEDA DE ZAFAYONA,0.21,1.0,18138,exact
18,MORELÁBOR,0.11,1.0,18909,exact
18,MOTRIL,0.14,1.0,18140,exact
18,MURTAS,0.14,1.0,18141,exact
18,NEVADA,0.14,1.0,18903,exact
18,NIGÜELAS,0.21,1.0,18143,exact
18,NÍVAR,0.21,1.0,18144,exact
18,OGÍJARES,0.24,1.0,18145,exact
18,ORCE,0.13,1.0,18146,exact
18,ÓRGIVA,0.17,1.0,18147,exact
18,OTÍVAR,0.19,1.0,18148,exact
18,OTURA,0.24,1.0,18149,alias
18,PADUL,0.24,1.0,18150,exact
18,PAMPANEIRA,0.17,1.0,18151,exact
18,PEDRO MARTÍNEZ,0.09,1.0,18152,exact
18,PELIGROS,0.23,1.0,18153,exact
18,"PEZA, LA",0.14,1.0,18154,exact
18,"PINAR, EL",0.19,1.0,18910,exact
18,PINOS GENIL,0.22,1.0,18157,exact
18,PINOS PUENTE,0.22,1.0,18158,exact
18,PÍÑAR,0.12,1.0,18159,exact
18,POLÍCAR,0.13,1.0,18161,exact
18,POLOPOS,0.14,1.0,18162,exact
18,PÓRTUGOS,0.16,1.0,18163,exact
18,PUEBLA DE DON FADRIQUE,0.08,1.0,18164,exact
18,PULIANAS,0.22,1.0,18165,exact
18,PURULLENA,0.12,1.0,18167,exact
18,QUÉNTAR,0.2,1.0,18168,exact
18,RUBITE,0.14,1.0,18170,exact
18,SALAR,0.19,1.0,18171,exact
18,SALOBREÑA,0.15,1.0,18173,exact
18,SANTA CRUZ DEL COMERCIO,0.23,1.0,18174,exact
18,SANTA FE,0.24,1.0,18175,exact
18,SOPORTÚJAR,0.17,1.0,18176,exact
18,SORVILÁN,0.14,1.0,18177,exact
18,"TAHA, LA",0.16,1.0,18901,exact
18,TORRE CARDELA,0.1,1.0,18178,exact
18,TORVIZCÓN,0.15,1.0,18179,exact
18,TREVÉLEZ,0.16,1.0,18180,exact
18,TURÓN,0.14,1.0,18181,exact
18,UGÍJAR,0.14,1.0,18182,exact
18,VALLE DEL ZALABÍ,0.12,1.0,18907,exact
18,"VALLE, EL",0.21,1.0,18902,exact
18,VÁLOR,0.14,1.0,18183,exact
18,VEGAS DEL GENIL,0.24,1.0,18911,exact
18,VÉLEZ DE BENAUDALLA,0.17,1.0,18184,exact
18,VENTAS DE HUELMA,0.24,1.0,18185,exact
18,VILLAMENA,0.22,1.0,18908,exact
18,VILLANUEVA DE LAS TORRES,0.09,1.0,18187,exact
18,VILLANUEVA MESÍA,0.19,1.0,18188,exact
18,VÍZNAR,0.21,1.0,18189,exact
18,ZAFARRAYA,0.2,1.0,18192,exact
18,ZAGRA,0.13,1.0,18913,exact
18,"ZUBIA, LA",0.24,1.0,18193,exact
18,ZÚJAR,0.11,1.0,18194,exact
21,ALÁJAR,0.06,1.3,21001,exact
21,ALJARAQUE,0.1,1.3,21002,exact
21,"ALMENDRO, EL",0.11,1.3,21003,exact
21,ALMONASTER LA REAL,0.07,1.3,21004,exact
21,ALMONTE,0.08,1.2,21005,exact
21,ALOSNO,0.09,1.3,21006,exact
21,ARACENA,0.06,1.3,21007,exact
21,AROCHE,0.07,1.3,21008,exact
21,ARROYOMOLINOS DE LEÓN,0.05,1.3,21009,exact
21,AYAMONTE,0.14,1.3,21010,exact
21,BEAS,0.09,1.2,21011,exact
21,BERROCAL,0.07,1.2,21012,exact
21,BOLLULLOS PAR DEL CONDADO,0.08,1.2,21013,exact
21,BONARES,0.09,1.2,21014,exact
21,CABEZAS RUBIAS,0.09,1.3,21015,exact
21,CALA,0.05,1.3,21016,exact
21,CALAÑAS,0.08,1.3,21017,exact
21,"CAMPILLO, EL",0.07,1.3,21018,exact
21,CAMPOFRÍO,0.06,1.3,21019,exact
21,CAÑAVERAL DE LEÓN,0.05,1.3,21020,exact
21,CARTAYA,0.11,1.3,21021,exact
21,CASTAÑO DEL ROBLEDO,0.06,1.3,21022,exact
21,"CERRO DE ANDÉVALO, EL",0.08,1.3,21023,exact
21,CORTECONCEPCIÓN,0.06,1.3,21024,exact
21,CORTEGANA,0.07,1.3,21025,exact
21,CORTELAZOR,0.06,1.3,21026,exact
21,CUMBRES DE ENMEDIO,0.06,1.3,21027,exact
21,CUMBRES DE SAN BARTOLOMÉ,0.06,1.3,21028,exact
21,CUMBRES MAYORES,0.06,1.3,21029,exact
21,CHUCENA,0.08,1.2,21030,exact
21,ENCINASOLA,0.06,1.3,21031,exact
21,ESCACENA DEL CAMPO,0.08,1.2,21032,exact
21,FUENTEHERIDOS,0.06,1.3,21033,exact
21,GALAROZA,0.06,1.3,21034,exact
21,GIBRALEÓN,0.1,1.3,21035,exact
21,"GRANADA DE RÍO TINTO, LA",0.06,1.3,21036,exact
21,"GRANADO, EL",0.12,1.3,21037,exact
21,HIGUERA DE LA SIERRA,0.06,1.3,21038,exact
21,HINOJALES,0.06,1.3,21039,exact
21,HINOJOS,0.08,1.2,21040,exact
21,HUELVA,0.1,1.3,21041,exact
21,ISLA CRISTINA,0.13,1.3,21042,exact
21,JABUGO,0.06,1.3,21043,exact
21,LEPE,0.12,1.3,21044,exact
21,LINARES DE LA SIERRA,0.06,1.3,21045,exact
21,LUCENA DEL PUERTO,0.09,1.2,21046,exact
21,MANZANILLA,0.08,1.2,21047,exact
21,"MARINES, LOS",0.06,1.3,21048,exact
21,MINAS DE RIOTINTO,0.07,1.3,21049,exact
21,MOGUER,0.1,1.2,21050,exact
21,"NAVA, LA",0.06,1.3,21051,exact
21,NERVA,0.07,1.3,21052,exact
21,NIEBLA,0.09,1.2,21053,exact
21,"PALMA DEL CONDADO, LA",0.08,1.2,21054,exact
21,PALOS DE LA FRONTERA,0.1,1.3,21055,exact
21,PATERNA DEL CAMPO,0.08,1.2,21056,exact
21,PAYMOGO,0.11,1.3,21057,exact
21,PUEBLA DE GUZMÁN,0.1,1.3,21058,exact
21,PUERTO MORAL,0.06,1.3,21059,exact
21,PUNTA UMBRÍA,0.1,1.3,21060,exact
21,ROCIANA DEL CONDADO,0.09,1.2,21061,exact
21,ROSAL DE LA FRONTERA,0.09,1.3,21062,exact
21,SAN BARTOLOMÉ DE LA TORRE,0.1,1.3,21063,exact
21,SAN JUAN DEL PUERTO,0.09,1.2,21064,exact
21,SAN SILVESTRE DE GUZMÁN,0.12,1.3,21066,exact
21,SANLÚCAR DE GUADIANA,0.13,1.3,21065,exact
21,SANTA ANA LA REAL,0.06,1.3,21067,exact
21,SANTA BÁRBARA DE CASA,0.09,1.3,21068,exact
21,SANTA OLALLA DEL CALA,0.05,1.3,21069,exact
21,TRIGUEROS,0.09,1.2,21070,exact
21,VALDELARCO,0.06,1.3,21071,exact
21,VALVERDE DEL CAMINO,0.08,1.2,21072,exact
21,VILLABLANCA,0.13,1.3,21073,exact
21,VILLALBA DEL ALCOR,0.08,1.2,21074,exact
21,VILLANUEVA DE LAS CRUCES,0.09,1.3,21075,exact
21,VILLANUEVA DE LOS CASTILLEJOS,0.11,1.3,21076,exact
21,VILLARRASA,0.08,1.2,21077,exact
21,ZALAMEA LA REAL,0.07,1.3,21078,exact
21,ZUFRE,0.06,1.3,21079,exact
23,ALBÁNCHEZ DE MÁGINA,0.07,1.0,23001,exact
23,ALCALÁ LA REAL,0.12,1.0,23002,exact
23,ALCAUDETE,0.08,1.0,23003,exact
23,ANDÚJAR,0.05,1.0,23005,exact
23,ARJONA,0.06,1.0,23006,exact
23,ARJONILLA,0.05,1.0,23007,exact
23,ARQUILLOS,0.04,1.0,23008,exact
23,BAEZA,0.06,1.0,23009,exact
23,BAILÉN,0.05,1.0,23010,exact
23,BAÑOS DE LA ENCINA,0.04,1.0,23011,exact
23,BEAS DE SEGURA,0.04,1.0,23012,exact
23,BEDMAR Y GARCÍEZ,0.06,1.0,23902,exact
23,BEGÍJAR,0.06,1.0,23014,exact
23,BÉLMEZ DE LA MORALEDA,0.07,1.0,23015,exact
23,CABRA DEL SANTO CRISTO,0.07,1.0,23017,exact
23,CAMBIL,0.08,1.0,23018,exact
23,CAMPILLO DE ARENAS,0.1,1.0,23019,exact
23,CANENA,0.05,1.0,23020,exact
23,CARBONEROS,0.04,1.0,23021,exact
23,CÁRCHELES,0.09,1.0,23901,exact
23,CASTELLAR,0.04,1.0,23025,exact
23,CASTILLO DE LOCUBÍN,0.1,1.0,23026,exact
23,CAZALILLA,0.05,1.0,23027,exact
23,CAZORLA,0.06,1.0,23028,exact
23,CHILLUÉVAR,0.06,1.0,23030,exact
23,ESCAÑUELA,0.06,1.0,23031,exact
23,ESPELÚY,0.05,1.0,23032,exact
23,FRAILES,0.12,1.0,23033,exact
23,FUENSANTA DE MARTOS,0.08,1.0,23034,exact
23,FUERTE DEL REY,0.06,1.0,23035,exact
23,"GUARDIA DE JAÉN, LA",0.07,1.0,23038,exact
23,GUARROMÁN,0.04,1.0,23039,exact
23,HIGUERA DE CALATRAVA,0.06,1.0,23041,exact
23,HINOJARES,0.08,1.0,23042,exact
23,HORNOS,0.04,1.0,23043,exact
23,HUELMA,0.08,1.0,23044,exact
23,HUESA,0.07,1.0,23045,exact
23,IBROS,0.05,1.0,23046,exact
23,"IRUELA, LA",0.06,1.0,23047,exact
23,IZNATORAF,0.05,1.0,23048,exact
23,JABALQUINTO,0.05,1.0,23049,exact
23,JAÉN,0.07,1.0,23050,exact
23,JAMILENA,0.07,1.0,23051,exact
23,JIMENA,0.06,1.0,23052,exact
23,JÓDAR,0.06,1.0,23053,exact
23,LAHIGUERA,0.05,1.0,23040,exact
23,LARVA,0.07,1.0,23054,exact
23,LINARES,0.05,1.0,23055,exact
23,LOPERA,0.05,1.0,23056,exact
23,LUPIÓN,0.06,1.0,23057,exact
23,MANCHA REAL,0.07,1.0,23058,exact
23,MARMOLEJO,0.05,1.0,23059,exact
23,MARTOS,0.07,1.0,23060,exact
23,MENGÍBAR,0.06,1.0,23061,exact
23,NAVAS DE SAN JUAN,0.04,1.0,23063,exact
23,NOALEJO,0.11,1.0,23064,exact
23,PEAL DE BECERRO,0.06,1.0,23066,exact
23,PEGALAJAR,0.07,1.0,23067,exact
23,PORCUNA,0.06,1.0,23069,exact
23,POZO ALCÓN,0.08,1.0,23070,exact
23,QUESADA,0.07,1.0,23073,exact
23,RUS,0.05,1.0,23074,exact
23,SABIOTE,0.05,1.0,23075,exact
23,SANTIAGO DE CALATRAVA,0.06,1.0,23077,exact
23,SANTIAGO PONTONES,0.05,1.0,23904,exact
23,SANTISTEBAN DEL PUERTO,0.04,1.0,23079,exact
23,SANTO TOMÉ,0.06,1.0,23080,exact
23,SORIHUELA DEL GUADALIMAR,0.04,1.0,23084,exact
23,TORRE DEL CAMPO,0.07,1.0,23086,fuzzy
23,TORREBLASCOPEDRO,0.06,1.0,23085,exact
23,TORREDONJIMENO,0.07,1.0,23087,exact
23,TORREPEROJIL,0.05,1.0,23088,fuzzy
23,TORRES,0.07,1.0,23090,exact
23,ÚBEDA,0.06,1.0,23092,exact
23,VALDEPEÑAS DE JAÉN,0.09,1.0,23093,exact
23,VILCHES,0.04,1.0,23094,exact
23,VILLACARRILLO,0.05,1.0,23095,exact
23,VILLANUEVA DE LA REINA,0.05,1.0,23096,exact
23,VILLANUEVA DEL ARZOBISPO,0.04,1.0,23097,exact
23,VILLARDOMPARDO,0.06,1.0,23098,exact
23,"VILLARES, LOS",0.08,1.0,23099,exact
23,VILLATORRES,0.06,1.0,23903,exact
29,ALAMEDA,0.08,1.0,29001,exact
29,ALCAUCÍN,0.21,1.0,29002,exact
29,ALFARNATE,0.16,1.0,29003,exact
29,ALFARNATEJO,0.16,1.0,29004,exact
29,ALGARROBO,0.18,1.0,29005,exact
29,ALGATOCÍN,0.07,1.0,29006,exact
29,ALHAURÍN DE LA TORRE,0.08,1.0,29007,exact
29,ALHAURÍN EL GRANDE,0.08,1.0,29008,exact
29,ALMÁCHAR,0.16,1.0,29009,exact
29,ALMARGEN,0.08,1.0,29010,exact
29,ALMOGÍA,0.09,1.0,29011,exact
29,ÁLORA,0.08,1.0,29012,exact
29,ALOZAINA,0.08,1.0,29013,exact
29,ALPANDEIRE,0.07,1.0,29014,exact
29,ANTEQUERA,0.09,1.0,29015,exact
29,ÁRCHEZ,0.21,1.0,29016,exact
29,ARCHIDONA,0.11,1.0,29017,exact
29,ARDALES,0.08,1.0,29018,exact
29,ARENAS,0.2,1.0,29019,exact
29,ARRIATE,0.08,1.0,29020,exact
29,ATAJATE,0.07,1.0,29021,exact
29,BENADALID,0.07,1.0,29022,exact
29,BENAHAVÍS,0.07,1.0,29023,exact
29,BENALAURÍA,0.07,1.0,29024,exact
29,BENALMÁDENA,0.08,1.0,29025,exact
29,BENAMARGOSA,0.17,1.0,29026,exact
29,BENAMOCARRA,0.17,1.0,29027,exact
29,BENAOJÁN,0.07,1.0,29028,exact
29,BENARRABÁ,0.07,1.0,29029,exact
29,"BORGE, EL",0.16,1.0,29030,exact
29,"BURGO, EL",0.08,1.0,29031,exact
29,CAMPILLOS,0.08,1.0,29032,exact
29,CANILLAS DE ACEITUNO,0.21,1.0,29033,exact
29,CANILLAS DE ALBAIDA,0.21,1.0,29034,exact
29,CAÑETE LA REAL,0.08,1.0,29035,exact
29,CARRATRACA,0.08,1.0,29036,exact
29,CARTAJIMA,0.07,1.0,29037,exact
29,CÁRTAMA,0.08,1.0,29038,exact
29,CASABERMEJA,0.11,1.0,29039,exact
29,CASARABONELA,0.08,1.0,29040,exact
29,CASARES,0.07,1.1,29041,exact
29,COÍN,0.07,1.0,29042,exact
29,COLMENAR,0.14,1.0,29043,exact
29,COMARES,0.16,1.0,29044,exact
29,CÓMPETA,0.21,1.0,29045,exact
29,CORTES DE LA FRONTERA,0.07,1.0,29046,exact
29,CUEVAS BAJAS,0.09,1.0,29047,exact
29,CUEVAS DE SAN MARCOS,0.09,1.0,29049,exact
29,CUEVAS DEL BECERRO,0.08,1.0,29048,exact
29,CÚTAR,0.17,1.0,29050,exact
29,ESTEPONA,0.07,1.1,29051,exact
29,FARAJÁN,0.07,1.0,29052,exact
29,FRIGILIANA,0.19,1.0,29053,exact
29,FUENGIROLA,0.07,1.0,29054,exact
29,FUENTE DE PIEDRA,0.08,1.0,29055,exact
29,GAUCÍN,0.07,1.1,29056,exact
29,GENALGUACIL,0.07,1.0,29057,exact
29,GUARO,0.07,1.0,29058,exact
29,HUMILLADERO,0.08,1.0,29059,exact
29,IGUALEJA,0.08,1.0,29060,exact
29,ISTÁN,0.07,1.0,29061,exact
29,IZNATE,0.16,1.0,29062,exact
29,JIMERA DE LÍBAR,0.07,1.0,29063,exact
29,JUBRIQUE,0.07,1.0,29064,exact
29,JÚZCAR,0.07,1.0,29065,exact
29,MACHARAVIAYA,0.15,1.0,29066,exact
29,MÁLAGA,0.11,1.0,29067,exact
29,MANILVA,0.06,1.1,29068,exact
29,MARBELLA,0.07,1.0,29069,exact
29,MIJAS,0.07,1.0,29070,exact
29,MOCLINEJO,0.15,1.0,29071,exact
29,MOLLINA,0.08,1.0,29072,exact
29,MONDA,0.07,1.0,29073,exact
29,MONTEJAQUE,0.07,1.0,29074,exact
29,NERJA,0.17,1.0,29075,exact
29,OJÉN,0.07,1.0,29076,exact
29,PARAUTA,0.08,1.0,29077,exact
29,PERIANA,0.19,1.0,29079,exact
29,PIZARRA,0.08,1.0,29080,exact
29,PUJERRA,0.07,1.0,29081,exact
29,RINCÓN DE LA VICTORIA,0.12,1.0,29082,exact
29,RIOGORDO,0.16,1.0,29083,exact
29,RONDA,0.08,1.0,29084,exact
29,SALARES,0.21,1.0,29085,exact
29,SAYALONGA,0.19,1.0,29086,exact
29,SEDELLA,0.21,1.0,29087,exact
29,SIERRA DE YEGUAS,0.08,1.0,29088,exact
29,TEBA,0.08,1.0,29089,exact
29,TOLOX,0.08,1.0,29090,exact
29,TORREMOLINOS,0.08,1.0,29901,exact
29,TORROX,0.18,1.0,29091,exact
29,TOTALÁN,0.13,1.0,29092,exact
29,VALLE DE ABDALAJÍS,0.08,1.0,29093,exact
29,VÉLEZ MÁLAGA,0.18,1.0,29094,exact
29,VILLANUEVA DE ALGAIDAS,0.09,1.0,29095,exact
29,VILLANUEVA DE TAPIA,0.11,1.0,29098,exact
29,VILLANUEVA DEL ROSARIO,0.13,1.0,29096,exact
29,VILLANUEVA DEL TRABUCO,0.13,1.0,29097,exact
29,VIÑUELA,0.19,1.0,29099,exact
29,YUNQUERA,0.08,1.0,29100,exact
41,AGUADULCE,0.07,1.0,41001,exact
41,ALANÍS,0.04,1.2,41002,exact
41,ALBAIDA DEL ALJARAFE,0.07,1.1,41003,exact
41,ALCALÁ DE GUADAIRA,0.06,1.1,41004,exact
41,ALCALÁ DEL RÍO,0.07,1.1,41005,exact
41,ALCOLEA DEL RÍO,0.06,1.1,41006,exact
41,"ALGABA, LA",0.07,1.2,41007,exact
41,ALGÁMITAS,0.08,1.0,41008,exact
41,ALMADÉN DE LA PLATA,0.05,1.2,41009,exact
41,ALMENSILLA,0.07,1.1,41010,exact
41,ARAHAL,0.06,1.1,41011,exact
41,AZNALCÁZAR,0.08,1.2,41012,exact
41,AZNALCÓLLAR,0.07,1.2,41013,exact
41,BADOLATOSA,0.07,1.0,41014,exact
41,BENACAZÓN,0.08,1.1,41015,exact
41,BOLLULLOS DE LA MITACIÓN,0.07,1.1,41016,exact
41,BORMUJOS,0.07,1.1,41017,exact
41,BRENES,0.06,1.1,41018,exact
41,BURGUILLOS,0.06,1.1,41019,exact
41,"CABEZAS DE SAN JUAN, LAS",0.07,1.1,41020,exact
41,CAMAS,0.07,1.2,41021,exact
41,"CAMPANA, LA",0.06,1.1,41022,exact
41,CANTILLANA,0.06,1.1,41023,exact
41,CAÑADA ROSAL,0.06,1.1,41901,exact
41,CARMONA,0.06,1.1,41024,exact
41,CARRIÓN DE LOS CÉSPEDES,0.08,1.2,41025,exact
41,CASARICHE,0.07,1.0,41026,exact
41,CASTILBLANCO DE LOS ARROYOS,0.06,1.2,41027,exact
41,CASTILLEJA DE GUZMÁN,0.07,1.2,41028,exact
41,CASTILLEJA DE LA CUESTA,0.07,1.1,41029,exact
41,CASTILLEJA DEL CAMPO,0.08,1.2,41030,exact
41,"CASTILLO DE LAS GUARDAS, EL",0.07,1.2,41031,exact
41,CAZALLA DE LA SIERRA,0.05,1.2,41032,exact
41,CONSTANTINA,0.05,1.1,41033,exact
41,CORIA DEL RÍO,0.07,1.1,41034,exact
41,CORIPE,0.08,1.0,41035,exact
41,"CORONIL, EL",0.07,1.1,41036,exact
41,"CORRALES, LOS",0.08,1.0,41037,exact
41,"CUERVO DE SEVILLA, EL",0.06,1.2,41903,exact
41,DOS HERMANAS,0.07,1.1,41038,exact
41,ÉCIJA,0.06,1.1,41039,exact
41,ESPARTINAS,0.07,1.1,41040,exact
41,ESTEPA,0.07,1.0,41041,exact
41,FUENTES DE ANDALUCÍA,0.06,1.1,41042,exact
41,"GARROBO, EL",0.07,1.2,41043,exact
41,GELVES,0.07,1.1,41044,exact
41,GERENA,0.07,1.2,41045,exact
41,GILENA,0.07,1.0,41046,exact
41,GINES,0.07,1.1,41047,exact
41,GUADALCANAL,0.04,1.2,41048,exact
41,GUILLENA,0.07,1.2,41049,exact
41,HERRERA,0.06,1.0,41050,exact
41,HUÉVAR DE ALJARAFE,0.08,1.2,41051,fuzzy
41,ISLA MAYOR,0.08,1.2,41902,exact
41,"LANTEJUELA, LA",0.06,1.1,41052,alias
41,LEBRIJA,0.06,1.2,41053,exact
41,LORA DE ESTEPA,0.07,1.0,41054,exact
41,LORA DEL RÍO,0.06,1.1,41055,exact
41,"LUISIANA, LA",0.06,1.1,41056,exact
41,"MADROÑO, EL",0.07,1.2,41057,exact
41,MAIRENA DEL ALCOR,0.06,1.1,41058,exact
41,MAIRENA DEL ALJARAFE,0.07,1.1,41059,exact
41,MARCHENA,0.06,1.1,41060,exact
41,MARINALEDA,0.06,1.0,41061,exact
41,MARTÍN DE LA JARA,0.08,1.0,41062,exact
41,"MOLARES, LOS",0.06,1.1,41063,exact
41,MONTELLANO,0.07,1.1,41064,exact
41,MORÓN DE LA FRONTERA,0.07,1.1,41065,exact
41,"NAVAS DE LA CONCEPCIÓN, LAS",0.05,1.1,41066,exact
41,OLIVARES,0.07,1.1,41067,exact
41,OSUNA,0.07,1.0,41068,exact
41,"PALACIOS Y VILLAFRANCA, LOS",0.07,1.1,41069,exact
41,PALOMARES DEL RÍO,0.07,1.1,41070,exact
41,PARADAS,0.06,1.1,41071,exact
41,PEDRERA,0.07,1.0,41072,exact
41,"PEDROSO, EL",0.05,1.1,41073,exact
41,PEÑAFLOR,0.06,1.1,41074,exact
41,PILAS,0.08,1.2,41075,exact
41,PRUNA,0.08,1.0,41076,exact
41,"PUEBLA DE CAZALLA, LA",0.06,1.1,41077,exact
41,"PUEBLA DE LOS INFANTES, LA",0.06,1.1,41078,exact
41,"PUEBLA DEL RÍO, LA",0.07,1.1,41079,exact
41,"REAL DE LA JARA, EL",0.05,1.2,41080,exact
41,"RINCONADA, LA",0.07,1.1,41081,exact
41,"RODA DE ANDALUCÍA, LA",0.07,1.0,41082,exact
41,"RONQUILLO, EL",0.06,1.2,41083,exact
41,"RUBIO, EL",0.06,1.0,41084,exact
41,SALTERAS,0.07,1.2,41085,exact
41,SAN JUAN DE AZNALFARACHE,0.07,1.1,41086,exact
41,SAN NICOLÁS DEL PUERTO,0.04,1.2,41088,exact
41,SANLÚCAR LA MAYOR,0.08,1.1,41087,exact
41,SANTIPONCE,0.07,1.2,41089,exact
41,"SAUCEJO, EL",0.08,1.0,41090,exact
41,SEVILLA,0.07,1.1,41091,exact
41,TOCINA,0.06,1.1,41092,exact
41,TOMARES,0.07,1.1,41093,exact
41,UMBRETE,0.07,1.1,41094,exact
41,UTRERA,0.06,1.1,41095,exact
41,VALENCINA DE LA CONCEPCIÓN,0.07,1.2,41096,exact
41,VILLAMANRIQUE DE LA CONDESA,0.08,1.2,41097,exact
41,VILLANUEVA DE SAN JUAN,0.08,1.0,41100,exact
41,VILLANUEVA DEL ARISCAL,0.07,1.1,41098,exact
41,VILLANUEVA DEL RÍO Y MINAS,0.06,1.1,41099,exact
41,VILLAVERDE DEL RÍO,0.06,1.1,41101,exact
41,"VISO DEL ALCOR, EL",0.06,1.1,41102,exact
22,AÍNSA SOBRARBE,0.05,1.0,22907,exact
22,AISA,0.05,1.0,22006,exact
22,ANSÓ,0.05,1.0,22028,exact
22,ARAGÜÉS DEL PUERTO,0.05,1.0,22032,exact
22,BENASQUE,0.05,1.0,22054,exact
22,BIELSA,0.1,1.0,22057,exact
22,BIESCAS,0.07,1.0,22059,exact
22,BISAURRI,0.04,1.0,22062,exact
22,BOLTAÑA,0.05,1.0,22066,exact
22,BORAU,0.05,1.0,22068,exact
22,BROTO,0.08,1.0,22069,exact
22,CAMPO,0.04,1.0,22074,exact
22,CANAL DE BERDÚN,0.04,1.0,22076,exact
22,CANFRANC,0.07,1.0,22078,exact
22,CASTEJÓN DE SOS,0.04,1.0,22084,exact
22,CASTIELLO DE JACA,0.05,1.0,22086,exact
22,CHÍA,0.05,1.0,22095,exact
22,FAGO,0.05,1.0,22106,exact
22,FANLO,0.09,1.0,22107,exact
22,FISCAL,0.05,1.0,22109,exact
22,FORADADA DEL TOSCAR,0.04,1.0,22111,exact
22,"FUEVA, LA",0.04,1.0,22113,exact
22,GISTAÍN,0.06,1.0,22114,exact
22,HOZ DE JACA,0.09,1.0,22122,exact
22,JACA,0.04,1.0,22130,exact
22,JASA,0.05,1.0,22131,exact
22,LABUERDA,0.06,1.0,22133,exact
22,LASPUÑA,0.07,1.0,22144,exact
22,LLERT,0.04,1.0,22243,alias
22,PALO,0.04,1.0,22168,exact
22,PANTICOSA,0.1,1.0,22170,exact
22,PLAN,0.08,1.0,22182,exact
22,PUENTE LA REINA DE JACA,0.04,1.0,22902,exact
22,PUÉRTOLAS,0.08,1.0,22189,exact
22,"PUEYO DE ARAGUÁS, EL",0.05,1.0,22190,exact
22,SABIÑÁNIGO,0.04,1.0,22199,exact
22,SAHÚN,0.05,1.0,22200,exact
22,SALLENT DE GÁLLEGO,0.1,1.0,22204,exact
22,SAN JUAN DE PLAN,0.08,1.0,22207,exact
22,SANTA CILIA DE JACA,0.04,1.0,22208,alias
22,SANTA CRUZ DE LA SERÓS,0.04,1.0,22209,exact
22,SEIRA,0.04,1.0,22215,exact
22,SESUÉ,0.05,1.0,22221,exact
22,TELLA SIN,0.09,1.0,22227,exact
22,TORLA,0.09,1.0,22230,alias
22,VALLE DE HECHO,0.06,1.0,22901,exact
22,VILLANOVA,0.05,1.0,22249,exact
22,VILLANÚA,0.06,1.0,22250,exact
22,YEBRA DE BASA,0.04,1.0,22252,exact
22,YÉSERO,0.07,1.0,22253,exact
50,ARTIEDA,0.04,1.0,50035,exact
50,BAGÜÉS,0.04,1.0,50041,exact
50,MIANOS,0.04,1.0,50168,exact
50,NAVARDÚN,0.04,1.0,50186,exact
50,"PINTANOS, LOS",0.04,1.0,50210,exact
50,SALVATIERRA DE ESCA,0.05,1.0,50232,exact
50,SIGÜÉS,0.04,1.0,50245,exact
50,UNDUÉS DE LERDA,0.04,1.0,50268,exact
50,URRIÉS,0.04,1.0,50270,exact
35,AGAETE,0.04,1.0,35001,exact
35,AGÜIMES,0.04,1.0,35002,exact
35,ANTIGUA,0.04,1.0,35003,exact
35,ARRECIFE,0.04,1.0,35004,exact
35,ARTENARA,0.04,1.0,35005,exact
35,ARUCAS,0.04,1.0,35006,exact
35,BETANCURIA,0.04,1.0,35007,exact
35,FIRGAS,0.04,1.0,35008,exact
35,GÁLDAR,0.04,1.0,35009,exact
35,HARÍA,0.04,1.0,35010,exact
35,INGENIO,0.04,1.0,35011,exact
35,MOGÁN,0.04,1.0,35012,exact
35,MOYA,0.04,1.0,35013,exact
35,"OLIVA, LA",0.04,1.0,35014,exact
35,PÁJARA,0.04,1.0,35015,exact
35,"PALMAS DE GRAN CANARIA, LAS",0.04,1.0,35016,exact
35,PUERTO DEL ROSARIO,0.04,1.0,35017,exact
35,SAN BARTOLOMÉ,0.04,1.0,35018,exact
35,SAN BARTOLOMÉ DE TIRAJANA,0.04,1.0,35019,exact
35,SAN NICOLÁS DE TOLENTINO,0.04,1.0,35020,alias
35,SANTA BRÍGIDA,0.04,1.0,35021,exact
35,SANTA LUCÍA DE TIRAJANA,0.04,1.0,35022,exact
35,SANTA MARÍA DE GUÍA DE GRAN CANARIA,0.04,1.0,35023,exact
35,TEGUISE,0.04,1.0,35024,exact
35,TEJEDA,0.04,1.0,35025,exact
35,TELDE,0.04,1.0,35026,exact
35,TEROR,0.04,1.0,35027,exact
35,TÍAS,0.04,1.0,35028,exact
35,TINAJO,0.04,1.0,35029,exact
35,TUINEJE,0.04,1.0,35030,exact
35,VALLESECO,0.04,1.0,35032,exact
35,VALSEQUILLO DE GRAN CANARIA,0.04,1.0,35031,exact
35,VEGA DE SAN MATEO,0.04,1.0,35033,exact
35,YAIZA,0.04,1.0,35034,exact
38,ADEJE,0.04,1.0,38001,exact
38,AGULO,0.04,1.0,38002,exact
38,ALAJERÓ,0.04,1.0,38003,exact
38,ARAFO,0.04,1.0,38004,exact
38,ARICO,0.04,1.0,38005,exact
38,ARONA,0.04,1.0,38006,exact
38,BARLOVENTO,0.04,1.0,38007,exact
38,BREÑA ALTA,0.04,1.0,38008,exact
38,BREÑA BAJA,0.04,1.0,38009,exact
38,BUENAVISTA DEL NORTE,0.04,1.0,38010,exact
38,CANDELARIA,0.04,1.0,38011,exact
38,FASNIA,0.04,1.0,38012,exact
38,FRONTERA,0.04,1.0,38013,exact
38,FUENCALIENTE DE LA PALMA,0.04,1.0,38014,exact
38,GARACHICO,0.04,1.0,38015,exact
38,GARAFÍA,0.04,1.0,38016,exact
38,GRANADILLA DE ABONA,0.04,1.0,38017,exact
38,"GUANCHA, LA",0.04,1.0,38018,exact
38,GUÍA DE ISORA,0.04,1.0,38019,exact
38,GÜÍMAR,0.04,1.0,38020,exact
38,HERMIGUA,0.04,1.0,38021,exact
38,ICOD DE LOS VINOS,0.04,1.0,38022,exact
38,"LLANOS DE ARIDANE, LOS",0.04,1.0,38024,exact
38,"MATANZA DE ACENTEJO, LA",0.04,1.0,38025,exact
38,"OROTAVA, LA",0.04,1.0,38026,exact
38,"PASO, EL",0.04,1.0,38027,exact
38,PUERTO DE LA CRUZ,0.04,1.0,38028,exact
38,PUNTAGORDA,0.04,1.0,38029,exact
38,PUNTALLANA,0.04,1.0,38030,exact
38,"REALEJOS, LOS",0.04,1.0,38031,exact
38,"ROSARIO, EL",0.04,1.0,38032,exact
38,SAN ANDRÉS Y SAUCES,0.04,1.0,38033,exact
38,SAN CRISTÓBAL DE LA LAGUNA,0.04,1.0,38023,exact
38,SAN JUAN DE LA RAMBLA,0.04,1.0,38034,exact
38,SAN MIGUEL DE ABONA,0.04,1.0,38035,exact
38,SAN SEBASTIÁN DE LA GOMERA,0.04,1.0,38036,exact
38,SANTA CRUZ DE LA PALMA,0.04,1.0,38037,exact
38,SANTA CRUZ DE TENERIFE,0.04,1.0,38038,exact
38,SANTA ÚRSULA,0.04,1.0,38039,exact
38,SANTIAGO DEL TEIDE,0.04,1.0,38040,exact
38,"SAUZAL, EL",0.04,1.0,38041,exact
38,"SILOS, LOS",0.04,1.0,38042,exact
38,TACORONTE,0.04,1.0,38043,exact
38,"TANQUE, EL",0.04,1.0,38044,exact
38,TAZACORTE,0.04,1.0,38045,exact
38,TEGUESTE,0.04,1.0,38046,exact
38,TIJARAFE,0.04,1.0,38047,exact
38,VALLE GRAN REY,0.04,1.0,38049,exact
38,VALLEHERMOSO,0.04,1.0,38050,exact
38,VALVERDE,0.04,1.0,38048,exact
38,"VICTORIA DE ACENTEJO, LA",0.04,1.0,38051,exact
38,VILAFLOR,0.04,1.0,38052,alias
38,VILLA DE MAZO,0.04,1.0,38053,exact
02,ALATOZ,0.05,1.0,02002,exact
02,ALBATANA,0.07,1.0,02004,exact
02,ALCADOZO,0.05,1.0,02006,exact
02,ALMANSA,0.07,1.0,02009,exact
02,ALPERA,0.07,1.0,02010,exact
02,AYNA,0.05,1.0,02011,exact
02,BALSA DE VES,0.04,1.0,02013,exact
02,BONETE,0.07,1.0,02018,exact
02,CARCELÉN,0.05,1.0,02020,exact
02,CAUDETE,0.07,1.0,02025,exact
02,CORRAL RUBIO,0.06,1.0,02027,exact
02,ELCHE DE LA SIERRA,0.06,1.0,02030,exact
02,FÉREZ,0.07,1.0,02031,exact
02,FUENTE ÁLAMO,0.07,1.0,02033,exact
02,HELLÍN,0.07,1.0,02037,exact
02,HIGUERUELA,0.05,1.0,02039,exact
02,HOYA GONZALO,0.05,1.0,02040,exact
02,LETUR,0.06,1.0,02042,exact
02,LIÉTOR,0.06,1.0,02044,exact
02,MOLINICOS,0.04,1.0,02049,exact
02,MONTEALEGRE DEL CASTILLO,0.07,1.0,02051,exact
02,NERPIO,0.05,1.0,02055,exact
02,ONTUR,0.07,1.0,02056,exact
02,PÉTROLA,0.06,1.0,02061,exact
02,POZOHONDO,0.04,1.0,02063,exact
02,SOCOVOS,0.07,1.0,02072,exact
02,TOBARRA,0.07,1.0,02074,exact
02,VILLA DE VES,0.04,1.0,02077,exact
02,YESTE,0.04,1.0,02086,exact
08,ABRERA,0.04,1.0,08001,exact
08,AIGUAFREDA,0.05,1.0,08014,exact
08,ALELLA,0.04,1.0,08003,exact
08,ALPENS,0.08,1.0,08004,exact
08,"AMETLLA DEL VALLÈS, L'",0.04,1.0,08005,exact
08,ARENYS DE MAR,0.04,1.0,08006,exact
08,ARENYS DE MUNT,0.04,1.0,08007,exact
08,ARGENTONA,0.04,1.0,08009,exact
08,ARTÉS,0.04,1.0,08010,exact
08,AVIÀ,0.05,1.0,08011,exact
08,AVINYÓ,0.04,1.0,08012,exact
08,AVINYONET DEL PENEDÈS,0.04,1.0,08013,exact
08,BADALONA,0.04,1.0,08015,exact
08,BADIA DEL VALLÈS,0.04,1.0,08904,exact
08,BAGÀ,0.07,1.0,08016,exact
08,BALENYÀ,0.05,1.0,08017,exact
08,BALSARENY,0.04,1.0,08018,exact
08,BARBERÀ DEL VALLÈS,0.04,1.0,08252,exact
08,BARCELONA,0.04,1.0,08019,exact
08,BEGUES,0.04,1.0,08020,exact
08,BELLPRAT,0.04,1.0,08021,exact
08,BERGA,0.05,1.0,08022,exact
08,BIGUES I RIELLS,0.04,1.0,08023,alias
08,BORREDÀ,0.07,1.0,08024,exact
08,"BRUC, EL",0.04,1.0,08025,exact
08,"BRULL, EL",0.05,1.0,08026,exact
08,"CABANYES, LES",0.04,1.0,08027,exact
08,CABRERA DE MAR,0.04,1.0,08029,exact
08,CABRERA D'IGUALADA,0.04,1.0,08028,alias
08,CABRILS,0.04,1.0,08030,exact
08,CALDERS,0.04,1.0,08034,exact
08,CALDES DE MONTBUI,0.04,1.0,08033,exact
08,CALDES D'ESTRAC,0.04,1.0,08032,exact
08,CALELLA,0.04,1.0,08035,exact
08,CALLDETENES,0.06,1.0,08037,exact
08,CAMPINS,0.05,1.0,08039,exact
08,CANET DE MAR,0.04,1.0,08040,exact
08,CANOVELLES,0.04,1.0,08041,exact
08,CÀNOVES I SAMALÚS,0.05,1.0,08042,exact
08,CANYELLES,0.04,1.0,08043,exact
08,CAPELLADES,0.04,1.0,08044,exact
08,CAPOLAT,0.04,1.0,08045,exact
08,CARDEDEU,0.04,1.0,08046,exact
08,CARME,0.04,1.0,08048,exact
08,CASSERRES,0.04,1.0,08049,exact
08,CASTELL DE L'ARENY,0.07,1.0,08057,exact
08,CASTELLAR DE N'HUG,0.08,1.0,08052,exact
08,CASTELLAR DEL RIU,0.05,1.0,08050,exact
08,CASTELLAR DEL VALLÈS,0.04,1.0,08051,exact
08,CASTELLBELL I EL VILAR,0.04,1.0,08053,exact
08,CASTELLBISBAL,0.04,1.0,08054,exact
08,CASTELLCIR,0.04,1.0,08055,exact
08,CASTELLDEFELS,0.04,1.0,08056,exact
08,CASTELLET I LA GORNAL,0.04,1.0,08058,exact
08,CASTELLFOLLIT DEL BOIX,0.04,1.0,08059,exact
08,CASTELLGALÍ,0.04,1.0,08061,exact
08,CASTELLOLÍ,0.04,1.0,08063,exact
08,CASTELLTERÇOL,0.04,1.0,08064,exact
08,CASTELLVÍ DE LA MARCA,0.04,1.0,08065,exact
08,CASTELLVÍ DE ROSANES,0.04,1.0,08066,exact
08,CENTELLES,0.05,1.0,08067,exact
08,CERCS,0.06,1.0,08268,exact
08,CERDANYOLA DEL VALLÈS,0.04,1.0,08266,exact
08,CERVELLÓ,0.04,1.0,08068,exact
08,COLLBATÓ,0.04,1.0,08069,exact
08,COLLSUSPINA,0.05,1.0,08070,exact
08,CORBERA DE LLOBREGAT,0.04,1.0,08072,exact
08,CORNELLÀ DE LLOBREGAT,0.04,1.0,08073,exact
08,CUBELLES,0.04,1.0,08074,exact
08,DOSRIUS,0.04,1.0,08075,exact
08,ESPARREGUERA,0.04,1.0,08076,exact
08,ESPLUGUES DE LLOBREGAT,0.04,1.0,08077,exact
08,"ESPUNYOLA, L'",0.04,1.0,08078,exact
08,"ESTANY, L'",0.05,1.0,08079,exact
08,FIGARÓ MONTMANY,0.04,1.0,08134,exact
08,FÍGOLS,0.06,1.0,08080,exact
08,FOGARS DE LA SELVA,0.05,1.0,08082,exact
08,FOGARS DE MONTCLÚS,0.05,1.0,08081,exact
08,FOLGUEROLES,0.07,1.0,08083,exact
08,FONT RUBÍ,0.04,1.0,08085,exact
08,"FRANQUESES DEL VALLÈS, LES",0.04,1.0,08086,exact
08,GAIÀ,0.04,1.0,08090,exact
08,GALLIFA,0.04,1.0,08087,exact
08,"GARRIGA, LA",0.04,1.0,08088,exact
08,GAVÀ,0.04,1.0,08089,exact
08,GELIDA,0.04,1.0,08091,exact
08,GIRONELLA,0.04,1.0,08092,exact
08,GISCLARENY,0.06,1.0,08093,exact
08,"GRANADA, LA",0.04,1.0,08094,exact
08,GRANERA,0.04,1.0,08095,exact
08,GRANOLLERS,0.04,1.0,08096,exact
08,GUALBA,0.05,1.0,08097,exact
08,GUARDIOLA DE BERGUEDÀ,0.07,1.0,08099,exact
08,GURB,0.06,1.0,08100,exact
08,"HOSPITALET DE LLOBREGAT, L'",0.04,1.0,08101,exact
08,"HOSTALETS DE PIEROLA, ELS",0.04,1.0,08162,exact
08,IGUALADA,0.04,1.0,08102,exact
08,JORBA,0.04,1.0,08103,exact
08,"LLACUNA, LA",0.04,1.0,08104,exact
08,"LLAGOSTA, LA",0.04,1.0,08105,exact
08,LLIÇÀ D'AMUNT,0.04,1.0,08107,exact
08,LLIÇÀ DE VALL,0.04,1.0,08108,exact
08,LLINARS DEL VALLÈS,0.04,1.0,08106,exact
08,LLUÇÀ,0.06,1.0,08109,exact
08,MALGRAT DE MAR,0.04,1.0,08110,exact
08,MALLA,0.05,1.0,08111,exact
08,MANLLEU,0.08,1.0,08112,exact
08,MANRESA,0.04,1.0,08113,exact
08,MARGANELL,0.04,1.0,08242,exact
08,MARTORELL,0.04,1.0,08114,exact
08,MARTORELLES,0.04,1.0,08115,exact
08,"MASIES DE RODA, LES",0.08,1.0,08116,exact
08,"MASIES DE VOLTREGÀ, LES",0.08,1.0,08117,exact
08,"MASNOU, EL",0.04,1.0,08118,exact
08,MASQUEFA,0.04,1.0,08119,exact
08,MATADEPERA,0.04,1.0,08120,exact
08,MATARÓ,0.04,1.0,08121,exact
08,MEDIONA,0.04,1.0,08122,exact
08,MOIÀ,0.04,1.0,08138,exact
08,MOLINS DE REI,0.04,1.0,08123,exact
08,MOLLET DEL VALLÈS,0.04,1.0,08124,exact
08,MONISTROL DE CALDERS,0.04,1.0,08128,exact
08,MONISTROL DE MONTSERRAT,0.04,1.0,08127,exact
08,MONTCADA I REIXAC,0.04,1.0,08125,exact
08,MONTCLAR,0.04,1.0,08130,exact
08,MONTESQUIU,0.09,1.0,08131,exact
08,MONTGAT,0.04,1.0,08126,exact
08,MONTMELÓ,0.04,1.0,08135,exact
08,MONTORNÈS DEL VALLÈS,0.04,1.0,08136,exact
08,MONTSENY,0.05,1.0,08137,exact
08,MUNTANYOLA,0.05,1.0,08129,exact
08,MURA,0.04,1.0,08139,exact
08,NAVARCLES,0.04,1.0,08140,exact
08,"NOU DE BERGUEDÀ, LA",0.06,1.0,08142,exact
08,ÒDENA,0.04,1.0,08143,exact
08,OLÈRDOLA,0.04,1.0,08145,exact
08,OLESA DE BONESVALLS,0.04,1.0,08146,exact
08,OLESA DE MONTSERRAT,0.04,1.0,08147,exact
08,OLIVELLA,0.04,1.0,08148,exact
08,OLOST,0.05,1.0,08149,exact
08,OLVAN,0.05,1.0,08144,exact
08,ORÍS,0.08,1.0,08150,exact
08,ORISTÀ,0.05,1.0,08151,exact
08,ORPÍ,0.04,1.0,08152,exact
08,ÒRRIUS,0.04,1.0,08153,exact
08,PACS DEL PENEDÈS,0.04,1.0,08154,exact
08,PALAFOLLS,0.04,1.0,08155,exact
08,PALAU SOLITÀ I PLEGAMANS,0.04,1.0,08156,exact
08,"PALMA DE CERVELLÓ, LA",0.04,1.0,08905,exact
08,PALLEJÀ,0.04,1.0,08157,exact
08,"PAPIOL, EL",0.04,1.0,08158,exact
08,PARETS DEL VALLÈS,0.04,1.0,08159,exact
08,PERAFITA,0.06,1.0,08160,exact
08,PIERA,0.04,1.0,08161,exact
08,PINEDA DE MAR,0.04,1.0,08163,exact
08,"PLA DEL PENEDÈS, EL",0.04,1.0,08164,exact
08,"POBLA DE CLARAMUNT, LA",0.04,1.0,08165,exact
08,"POBLA DE LILLET, LA",0.08,1.0,08166,exact
08,POLINYÀ,0.04,1.0,08167,exact
08,"PONT DE VILOMARA I ROCAFORT, EL",0.04,1.0,08182,exact
08,PONTONS,0.04,1.0,08168,exact
08,"PRAT DE LLOBREGAT, EL",0.04,1.0,08169,exact
08,PRATS DE LLUÇANÈS,0.05,1.0,08171,exact
08,PREMIÀ DE DALT,0.04,1.0,08230,exact
08,PREMIÀ DE MAR,0.04,1.0,08172,exact
08,PUIGDÀLBER,0.04,1.0,08174,exact
08,PUIG REIG,0.04,1.0,08175,exact
08,"QUAR, LA",0.06,1.0,08177,exact
08,RELLINARS,0.04,1.0,08179,exact
08,RIPOLLET,0.04,1.0,08180,exact
08,"ROCA DEL VALLÈS, LA",0.04,1.0,08181,exact
08,RODA DE TER,0.08,1.0,08183,exact
08,RUBÍ,0.04,1.0,08184,exact
08,RUBIÓ,0.04,1.0,08185,exact
08,RUPIT I PRUIT,0.09,1.0,08901,exact
08,SABADELL,0.04,1.0,08187,exact
08,SAGÀS,0.05,1.0,08188,exact
08,SALDES,0.06,1.0,08190,exact
08,SALLENT,0.04,1.0,08191,exact
08,SANT ADRIÀ DE BESÒS,0.04,1.0,08194,exact
08,SANT AGUSTÍ DE LLUÇANÈS,0.07,1.0,08195,exact
08,SANT ANDREU DE LA BARCA,0.04,1.0,08196,exact
08,SANT ANDREU DE LLAVANERES,0.04,1.0,08197,exact
08,SANT ANTONI DE VILAMAJOR,0.04,1.0,08198,exact
08,SANT BARTOMEU DEL GRAU,0.06,1.0,08199,exact
08,SANT BOI DE LLOBREGAT,0.04,1.0,08200,exact
08,SANT BOI DE LLUÇANÈS,0.07,1.0,08201,exact
08,SANT CEBRIÀ DE VALLALTA,0.04,1.0,08203,exact
08,SANT CELONI,0.05,1.0,08202,exact
08,SANT CLIMENT DE LLOBREGAT,0.04,1.0,08204,exact
08,SANT CUGAT DEL VALLÈS,0.04,1.0,08205,exact
08,SANT CUGAT SESGARRIGUES,0.04,1.0,08206,exact
08,SANT ESTEVE DE PALAUTORDERA,0.05,1.0,08207,exact
08,SANT ESTEVE SESROVIRES,0.04,1.0,08208,exact
08,SANT FELIU DE CODINES,0.04,1.0,08210,exact
08,SANT FELIU DE LLOBREGAT,0.04,1.0,08211,exact
08,SANT FELIU SASSERRA,0.04,1.0,08212,exact
08,SANT FOST DE CAMPSENTELLES,0.04,1.0,08209,exact
08,SANT FRUITÓS DE BAGES,0.04,1.0,08213,exact
08,SANT HIPÒLIT DE VOLTREGÀ,0.07,1.0,08215,exact
08,SANT ISCLE DE VALLALTA,0.04,1.0,08193,exact
08,SANT JAUME DE FRONTANYÀ,0.08,1.0,08216,exact
08,SANT JOAN DE VILATORRADA,0.04,1.0,08218,exact
08,SANT JOAN DE MEDIONA,0.05,1.0,08122,alias
08,SANT JOAN DESPÍ,0.04,1.0,08217,exact
08,SANT JULIÀ DE CERDANYOLA,0.07,1.0,08903,exact
08,SANT JULIÀ DE VILATORTA,0.06,1.0,08220,exact
08,SANT JUST DESVERN,0.04,1.0,08221,exact
08,SANT LLORENÇ D'HORTONS,0.04,1.0,08222,exact
08,SANT LLORENÇ SAVALL,0.04,1.0,08223,exact
08,SANT MARTÍ D'ALBARS,0.06,1.0,08225,exact
08,SANT MARTÍ DE CENTELLES,0.05,1.0,08224,exact
08,SANT MARTÍ DE TOUS,0.04,1.0,08226,exact
08,SANT MARTÍ SARROCA,0.04,1.0,08227,exact
08,SANT PERE DE RIBES,0.04,1.0,08231,exact
08,SANT PERE DE RIUDEBITLLES,0.04,1.0,08232,exact
08,SANT PERE DE TORELLÓ,0.09,1.0,08233,exact
08,SANT PERE DE VILAMAJOR,0.05,1.0,08234,exact
08,SANT POL DE MAR,0.04,1.0,08235,exact
08,SANT QUINTÍ DE MEDIONA,0.04,1.0,08236,exact
08,SANT QUIRZE DE BESORA,0.09,1.0,08237,exact
08,SANT QUIRZE DEL VALLÈS,0.04,1.0,08238,exact
08,SANT QUIRZE SAFAJA,0.04,1.0,08239,exact
08,SANT SADURNÍ D'ANOIA,0.04,1.0,08240,exact
08,SANT SADURNÍ D'OSORMORT,0.06,1.0,08241,exact
08,SANT SALVADOR DE GUARDIOLA,0.04,1.0,08098,exact
08,SANT VICENÇ DE CASTELLET,0.04,1.0,08262,exact
08,SANT VICENÇ DE MONTALT,0.04,1.0,08264,exact
08,SANT VICENÇ DE TORELLÓ,0.09,1.0,08265,exact
08,SANT VICENÇ DELS HORTS,0.04,1.0,08263,exact
08,SANTA CECÍLIA DE VOLTREGÀ,0.07,1.0,08243,exact
08,SANTA COLOMA DE CERVELLÓ,0.04,1.0,08244,exact
08,SANTA COLOMA DE GRAMENET,0.04,1.0,08245,exact
08,SANTA EUGÈNIA DE BERGA,0.06,1.0,08246,exact
08,SANTA EULÀLIA DE RIUPRIMER,0.05,1.0,08247,exact
08,SANTA EULÀLIA DE RONÇANA,0.04,1.0,08248,exact
08,SANTA FE DEL PENEDÈS,0.04,1.0,08249,exact
08,SANTA MARGARIDA DE MONTBUI,0.04,1.0,08250,exact
08,SANTA MARGARIDA I ELS MONJOS,0.04,1.0,08251,exact
08,SANTA MARIA DE BESORA,0.09,1.0,08253,exact
08,SANTA MARIA DE CORCÓ,0.09,1.0,08254,alias
08,SANTA MARIA DE MARTORELLES,0.04,1.0,08256,exact
08,SANTA MARIA DE MERLÈS,0.05,1.0,08255,exact
08,SANTA MARIA DE MIRALLES,0.04,1.0,08257,exact
08,SANTA MARIA DE PALAUTORDERA,0.05,1.0,08259,exact
08,SANTA MARIA D'OLÓ,0.04,1.0,08258,exact
08,SANTA PERPÈTUA DE MOGODA,0.04,1.0,08260,exact
08,SANTA SUSANNA,0.04,1.0,08261,exact
08,SANTPEDOR,0.04,1.0,08192,exact
08,SENTMENAT,0.04,1.0,08267,exact
08,SEVA,0.05,1.0,08269,exact
08,SITGES,0.04,1.0,08270,exact
08,SOBREMUNT,0.07,1.0,08271,exact
08,SORA,0.08,1.0,08272,exact
08,SUBIRATS,0.04,1.0,08273,exact
08,TAGAMANENT,0.05,1.0,08276,exact
08,TALAMANCA,0.04,1.0,08277,exact
08,TARADELL,0.05,1.0,08278,exact
08,TAVÈRNOLES,0.07,1.0,08275,exact
08,TAVERTET,0.08,1.0,08280,exact
08,TEIÀ,0.04,1.0,08281,exact
08,TERRASSA,0.04,1.0,08279,exact
08,TIANA,0.04,1.0,08282,exact
08,TONA,0.05,1.0,08283,exact
08,TORDERA,0.05,1.0,08284,exact
08,TORELLÓ,0.08,1.0,08285,exact
08,"TORRE DE CLARAMUNT, LA",0.04,1.0,08286,exact
08,TORRELAVIT,0.04,1.0,08287,exact
08,TORRELLES DE FOIX,0.04,1.0,08288,exact
08,TORRELLES DE LLOBREGAT,0.04,1.0,08289,exact
08,ULLASTRELL,0.04,1.0,08290,exact
08,VACARISSES,0.04,1.0,08291,exact
08,VALLBONA D'ANOIA,0.04,1.0,08292,exact
08,VALLCEBRE,0.06,1.0,08293,exact
08,VALLGORGUINA,0.04,1.0,08294,exact
08,VALLIRANA,0.04,1.0,08295,exact
08,VALLROMANES,0.04,1.0,08296,exact
08,VIC,0.06,1.0,08298,exact
08,VILADA,0.06,1.0,08299,exact
08,VILADECANS,0.04,1.0,08301,exact
08,VILADECAVALLS,0.04,1.0,08300,exact
08,VILAFRANCA DEL PENEDÈS,0.04,1.0,08305,exact
08,VILALBA SASSERRA,0.04,1.0,08306,exact
08,VILANOVA DE SAU,0.07,1.0,08303,exact
08,VILANOVA DEL CAMÍ,0.04,1.0,08302,exact
08,VILANOVA DEL VALLÈS,0.04,1.0,08902,exact
08,VILANOVA I LA GELTRÚ,0.04,1.0,08307,exact
08,VILASSAR DE DALT,0.04,1.0,08214,exact
08,VILASSAR DE MAR,0.04,1.0,08219,exact
08,VILOBÍ DEL PENEDÈS,0.04,1.0,08304,exact
17,AGULLANA,0.09,1.0,17001,exact
17,AIGUAVIVA,0.07,1.0,17002,exact
17,ALBANYÀ,0.1,1.0,17003,exact
17,ALBONS,0.07,1.0,17004,exact
17,ALP,0.07,1.0,17006,exact
17,AMER,0.09,1.0,17007,exact
17,ANGLÈS,0.08,1.0,17008,exact
17,ARBÚCIES,0.05,1.0,17009,exact
17,ARGELAGUER,0.1,1.0,17010,exact
17,"ARMENTERA, L'",0.08,1.0,17011,exact
17,AVINYONET DE PUIGVENTÓS,0.09,1.0,17012,exact
17,BANYOLES,0.1,1.0,17015,exact
17,BÀSCARA,0.09,1.0,17016,exact
17,BEGUR,0.05,1.0,17013,exact
17,BELLCAIRE D'EMPORDÀ,0.07,1.0,17018,exact
17,BESALÚ,0.1,1.0,17019,exact
17,BESCANÓ,0.08,1.0,17020,exact
17,BEUDA,0.1,1.0,17021,exact
17,"BISBAL D'EMPORDÀ, LA",0.06,1.0,17022,exact
17,BIURE,0.09,1.0,17234,exact
17,BLANES,0.04,1.0,17023,exact
17,BOADELLA D'EMPORDÀ,0.09,1.0,17029,alias
17,BOLVIR,0.07,1.0,17024,exact
17,BORDILS,0.09,1.0,17025,exact
17,BORRASSÀ,0.09,1.0,17026,exact
17,BREDA,0.05,1.0,17027,exact
17,BRUNYOLA,0.07,1.0,17028,alias
17,CABANELLES,0.1,1.0,17031,exact
17,CABANES,0.08,1.0,17030,exact
17,CADAQUÉS,0.05,1.0,17032,exact
17,CALDES DE MALAVELLA,0.05,1.0,17033,exact
17,CALONGE,0.05,1.0,17034,alias
17,CAMÓS,0.1,1.0,17035,exact
17,CAMPDEVÀNOL,0.09,1.0,17036,exact
17,CAMPELLES,0.1,1.0,17037,exact
17,CAMPLLONG,0.06,1.0,17038,exact
17,CAMPRODON,0.11,1.0,17039,exact
17,CANET D'ADRI,0.09,1.0,17040,exact
17,CANTALLOPS,0.08,1.0,17041,exact
17,CAPMANY,0.08,1.0,17042,exact
17,CASSÀ DE LA SELVA,0.06,1.0,17044,exact
17,CASTELLFOLLIT DE LA ROCA,0.11,1.0,17046,exact
17,CASTELLÓ D'EMPÚRIES,0.08,1.0,17047,exact
17,CASTELL PLATJA D'ARO,0.05,1.0,17048,alias
17,"CELLERA DE TER, LA",0.08,1.0,17189,exact
17,CELRÀ,0.09,1.0,17049,exact
17,CERVIÀ DE TER,0.09,1.0,17050,exact
17,CISTELLA,0.1,1.0,17051,exact
17,COLERA,0.06,1.0,17054,exact
17,COLOMERS,0.08,1.0,17055,exact
17,CORÇÀ,0.07,1.0,17057,exact
17,CORNELLÀ DEL TERRI,0.1,1.0,17056,exact
17,CRESPIÀ,0.1,1.0,17058,exact
17,"CRUÏLLES, MONELLS I SANT SADURNÍ DE L'HEURA",0.07,1.0,17901,exact
17,DARNIUS,0.09,1.0,17060,exact
17,DAS,0.07,1.0,17061,exact
17,"ESCALA, L'",0.07,1.0,17062,exact
17,ESPINELVES,0.06,1.0,17063,exact
17,ESPOLLA,0.08,1.0,17064,exact
17,ESPONELLÀ,0.1,1.0,17065,exact
17,"FAR D'EMPORDÀ, EL",0.08,1.0,17005,exact
17,FIGUERES,0.09,1.0,17066,exact
17,FLAÇÀ,0.08,1.0,17067,exact
17,FOIXÀ,0.08,1.0,17068,exact
17,FONTANALS DE CERDANYA,0.08,1.0,17069,exact
17,FONTANILLES,0.06,1.0,17070,exact
17,FONTCOBERTA,0.1,1.0,17071,exact
17,FORALLAC,0.06,1.0,17902,exact
17,FORNELLS DE LA SELVA,0.07,1.0,17073,exact
17,FORTIÀ,0.08,1.0,17074,exact
17,GARRIGÀS,0.09,1.0,17075,exact
17,GARRIGOLES,0.08,1.0,17076,exact
17,GARRIGUELLA,0.07,1.0,17077,exact
17,GER,0.07,1.0,17078,exact
17,GIRONA,0.08,1.0,17079,exact
17,GOMBRÈN,0.09,1.0,17080,exact
17,GUALTA,0.07,1.0,17081,exact
17,GUILS DE CERDANYA,0.07,1.0,17082,exact
17,HOSTALRIC,0.05,1.0,17083,exact
17,ISÒVOL,0.07,1.0,17084,exact
17,JAFRE,0.08,1.0,17085,exact
17,"JONQUERA, LA",0.09,1.0,17086,exact
17,JUIÀ,0.08,1.0,17087,exact
17,LLADÓ,0.1,1.0,17088,exact
17,LLAGOSTERA,0.05,1.0,17089,exact
17,LLAMBILLES,0.07,1.0,17090,exact
17,LLANARS,0.11,1.0,17091,exact
17,LLANÇÀ,0.07,1.0,17092,exact
17,LLERS,0.09,1.0,17093,exact
17,LLÍVIA,0.08,1.0,17094,exact
17,LLORET DE MAR,0.04,1.0,17095,exact
17,"LLOSSES, LES",0.08,1.0,17096,exact
17,MAÇANET DE CABRENYS,0.1,1.0,17102,exact
17,MAÇANET DE LA SELVA,0.05,1.0,17103,exact
17,MADREMANYA,0.08,1.0,17097,exact
17,MAIÀ DE MONTCAL,0.1,1.0,17098,exact
17,MASARAC,0.08,1.0,17100,alias
17,MASSANES,0.05,1.0,17101,exact
17,MERANGES,0.07,1.0,17099,exact
17,MIERES,0.1,1.0,17105,exact
17,MOLLET DE PERALADA,0.08,1.0,17106,exact
17,MOLLÓ,0.11,1.0,17107,exact
17,MONTAGUT,0.11,1.0,17109,alias
17,MONT RAS,0.05,1.0,17110,exact
17,NAVATA,0.1,1.0,17111,exact
17,OGASSA,0.11,1.0,17112,exact
17,OLOT,0.1,1.0,17114,exact
17,ORDIS,0.09,1.0,17115,exact
17,OSOR,0.08,1.0,17116,exact
17,PALAFRUGELL,0.05,1.0,17117,exact
17,PALAMÓS,0.04,1.0,17118,exact
17,PALAU DE SANTA EULÀLIA,0.09,1.0,17119,exact
17,PALAU SATOR,0.06,1.0,17121,exact
17,PALAU SAVERDERA,0.07,1.0,17120,exact
17,PALOL DE REVARDIT,0.09,1.0,17123,exact
17,PALS,0.06,1.0,17124,exact
17,PARDINES,0.1,1.0,17125,exact
17,PARLAVÀ,0.07,1.0,17126,exact
17,PAU,0.07,1.0,17128,exact
17,PEDRET I MARZÀ,0.07,1.0,17129,exact
17,"PERA, LA",0.08,1.0,17130,exact
17,PERALADA,0.08,1.0,17132,exact
17,"PLANES D'HOSTOLES, LES",0.1,1.0,17133,exact
17,PLANOLES,0.09,1.0,17134,exact
17,PONT DE MOLINS,0.09,1.0,17135,exact
17,PONTÓS,0.09,1.0,17136,exact
17,PORQUERES,0.1,1.0,17137,exact
17,"PORT DE LA SELVA, EL",0.06,1.0,17140,exact
17,PORTBOU,0.06,1.0,17138,exact
17,"PRESES, LES",0.1,1.0,17139,exact
17,PUIGCERDÀ,0.08,1.0,17141,exact
17,QUART,0.07,1.0,17142,exact
17,QUERALBS,0.1,1.0,17043,exact
17,RABÓS,0.08,1.0,17143,exact
17,REGENCÓS,0.05,1.0,17144,exact
17,RIBES DE FRESER,0.1,1.0,17145,exact
17,RIELLS I VIABREA,0.05,1.0,17146,exact
17,RIPOLL,0.1,1.0,17147,exact
17,RIUDARENES,0.05,1.0,17148,exact
17,RIUDAURA,0.1,1.0,17149,exact
17,RIUDELLOTS DE LA SELVA,0.06,1.0,17150,exact
17,RIUMORS,0.08,1.0,17151,exact
17,ROSES,0.06,1.0,17152,exact
17,RUPIÀ,0.08,1.0,17153,exact
17,SALES DE LLIERCA,0.11,1.0,17154,exact
17,SALT,0.08,1.0,17155,exact
17,SANT ANDREU SALOU,0.06,1.0,17157,exact
17,SANT ANIOL DE FINESTRES,0.1,1.0,17183,exact
17,SANT CLIMENT SESCEBES,0.08,1.0,17158,exact
17,SANT FELIU DE BUIXALLEU,0.05,1.0,17159,exact
17,SANT FELIU DE GUÍXOLS,0.04,1.0,17160,exact
17,SANT FELIU DE PALLEROLS,0.1,1.0,17161,exact
17,SANT FERRIOL,0.1,1.0,17162,exact
17,SANT GREGORI,0.08,1.0,17163,exact
17,SANT HILARI SACALM,0.06,1.0,17164,exact
17,SANT JAUME DE LLIERCA,0.1,1.0,17165,exact
17,SANT JOAN DE LES ABADESSES,0.1,1.0,17167,exact
17,SANT JOAN DE MOLLET,0.08,1.0,17168,exact
17,SANT JOAN LES FONTS,0.11,1.0,17185,exact
17,SANT JORDI DESVALLS,0.09,1.0,17166,exact
17,SANT JULIÀ DE RAMIS,0.09,1.0,17169,exact
17,SANT JULIÀ DEL LLOR I BONMATÍ,0.08,1.0,17903,exact
17,SANT LLORENÇ DE LA MUGA,0.1,1.0,17171,exact
17,SANT MARTÍ DE LLÉMENA,0.09,1.0,17172,exact
17,SANT MARTÍ VELL,0.08,1.0,17173,exact
17,SANT MIQUEL DE CAMPMAJOR,0.1,1.0,17174,exact
17,SANT MIQUEL DE FLUVIÀ,0.09,1.0,17175,exact
17,SANT MORI,0.09,1.0,17176,exact
17,SANT PAU DE SEGÚRIES,0.11,1.0,17177,exact
17,SANT PERE PESCADOR,0.08,1.0,17178,exact
17,SANTA COLOMA DE FARNERS,0.06,1.0,17180,exact
17,SANTA CRISTINA D'ARO,0.05,1.0,17181,exact
17,SANTA LLOGAIA D'ÀLGUEMA,0.09,1.0,17182,exact
17,SANTA PAU,0.1,1.0,17184,exact
17,SARRIÀ DE TER,0.09,1.0,17186,exact
17,SAUS,0.09,1.0,17187,alias
17,"SELVA DE MAR, LA",0.06,1.0,17188,exact
17,SERINYÀ,0.1,1.0,17190,exact
17,SERRA DE DARÓ,0.07,1.0,17191,exact
17,SETCASES,0.1,1.0,17192,exact
17,SILS,0.05,1.0,17193,exact
17,SIURANA,0.08,1.0,17052,exact
17,SUSQUEDA,0.08,1.0,17194,exact
17,"TALLADA D'EMPORDÀ, LA",0.08,1.0,17195,exact
17,TERRADES,0.09,1.0,17196,exact
17,TORRENT,0.05,1.0,17197,exact
17,TORROELLA DE FLUVIÀ,0.08,1.0,17198,exact
17,TORROELLA DE MONTGRÍ,0.07,1.0,17199,exact
17,TORTELLÀ,0.11,1.0,17200,exact
17,TOSES,0.09,1.0,17201,exact
17,TOSSA DE MAR,0.04,1.0,17202,exact
17,ULLÀ,0.07,1.0,17204,exact
17,ULLASTRET,0.07,1.0,17205,exact
17,ULTRAMORT,0.08,1.0,17203,exact
17,URÚS,0.07,1.0,17206,exact
17,"VAJOL, LA",0.09,1.0,17014,exact
17,"VALL DE BIANYA, LA",0.11,1.0,17208,exact
17,"VALL D'EN BAS, LA",0.1,1.0,17207,exact
17,VALLFOGONA DE RIPOLLÈS,0.1,1.0,17170,exact
17,VALL LLOBREGA,0.05,1.0,17209,exact
17,VENTALLÓ,0.08,1.0,17210,exact
17,VERGES,0.08,1.0,17211,exact
17,VIDRÀ,0.1,1.0,17212,exact
17,VIDRERES,0.05,1.0,17213,exact
17,VILABERTRAN,0.08,1.0,17214,exact
17,VILABLAREIX,0.08,1.0,17215,exact
17,VILADAMAT,0.08,1.0,17217,exact
17,VILADASENS,0.09,1.0,17216,exact
17,VILADEMULS,0.09,1.0,17218,exact
17,VILADRAU,0.06,1.0,17220,exact
17,VILAFANT,0.09,1.0,17221,exact
17,VILAJUÏGA,0.07,1.0,17223,exact
17,VILALLONGA DE TER,0.11,1.0,17224,exact
17,VILAMACOLUM,0.08,1.0,17225,exact
17,VILAMALLA,0.09,1.0,17226,exact
17,VILAMANISCLE,0.07,1.0,17227,exact
17,VILANANT,0.09,1.0,17228,exact
17,VILA SACRA,0.08,1.0,17230,exact
17,VILAÜR,0.09,1.0,17222,exact
17,VILOBÍ D'ONYAR,0.06,1.0,17233,exact
17,VILOPRIU,0.08,1.0,17232,exact
25,ALÀS I CERC,0.06,1.0,25005,exact
25,ALINS,0.06,1.0,25017,exact
25,ALT ÀNEU,0.05,1.0,25024,exact
25,ARRES,0.04,1.0,25031,exact
25,ARSÈGUEL,0.06,1.0,25032,exact
25,BAUSEN,0.05,1.0,25045,exact
25,BELLAGUARDA,0.04,1.0,25170,exact
25,BELLVER DE CERDANYA,0.07,1.0,25051,exact
25,"BÒRDES, ES",0.04,1.0,25057,exact
25,BOSSÒST,0.04,1.0,25059,exact
25,CANEJAN,0.04,1.0,25063,exact
25,CAVA,0.06,1.0,25071,exact
25,"COMA I LA PEDRA, LA",0.05,1.0,25163,exact
25,ESPOT,0.04,1.0,25082,exact
25,ESTAMARIU,0.06,1.0,25088,exact
25,ESTERRI D'ÀNEU,0.05,1.0,25086,exact
25,ESTERRI DE CARDÓS,0.06,1.0,25087,exact
25,FARRERA,0.05,1.0,25089,exact
25,GÓSOL,0.06,1.0,25100,exact
25,"GUINGUETA D'ÀNEU, LA",0.05,1.0,25903,exact
25,GUIXERS,0.04,1.0,25111,exact
25,JOSA I TUIXÉN,0.05,1.0,25910,exact
25,LES,0.04,1.0,25121,exact
25,LLADORRE,0.06,1.0,25123,exact
25,LLAVORSÍ,0.05,1.0,25126,exact
25,LLES DE CERDANYA,0.07,1.0,25127,exact
25,MONTELLÀ I MARTINET,0.07,1.0,25139,exact
25,MONTFERRER I CASTELLBÒ,0.06,1.0,25140,exact
25,NAUT ARAN,0.04,1.0,25025,exact
25,"POBLA DE CÉRVOLES, LA",0.04,1.0,25169,exact
25,"PONT DE BAR, EL",0.06,1.0,25030,exact
25,PRATS I SANSOR,0.07,1.0,25175,exact
25,PRULLANS,0.07,1.0,25179,exact
25,RIALP,0.04,1.0,25183,exact
25,RIBERA D'URGELLET,0.05,1.0,25185,exact
25,SANT LLORENÇ DE MORUNYS,0.04,1.0,25193,exact
25,"SEU D'URGELL, LA",0.06,1.0,25203,exact
25,SORIGUERA,0.04,1.0,25208,exact
25,SORT,0.04,1.0,25209,exact
25,TARRÉS,0.04,1.0,25218,exact
25,TÍRVIA,0.05,1.0,25221,exact
25,VALL DE CARDÓS,0.05,1.0,25901,exact
25,"VALLS D'AGUILAR, LES",0.04,1.0,25906,exact
25,"VALLS DE VALIRA, LES",0.06,1.0,25239,exact
25,"VANSA I FÓRNOLS, LA",0.05,1.0,25909,exact
25,VIELHA E MIJARAN,0.04,1.0,25243,exact
25,VILAMÒS,0.04,1.0,25247,exact
25,"VILOSELL, EL",0.04,1.0,25253,exact
43,AIGUAMÚRCIA,0.04,1.0,43001,exact
43,ALBINYANA,0.04,1.0,43002,exact
43,"ALBIOL, L'",0.04,1.0,43003,exact
43,ALCOVER,0.04,1.0,43005,exact
43,"ALDEA, L'",0.04,1.0,43904,exact
43,ALDOVER,0.04,1.0,43006,exact
43,"ALEIXAR, L'",0.04,1.0,43007,exact
43,ALFORJA,0.04,1.0,43009,exact
43,ALIÓ,0.04,1.0,43010,exact
43,ALMOSTER,0.04,1.0,43011,exact
43,ALTAFULLA,0.04,1.0,43012,exact
43,"AMETLLA DE MAR, L'",0.04,1.0,43013,exact
43,"AMPOLLA, L’",0.04,1.0,43906,exact
43,AMPOSTA,0.04,1.0,43014,exact
43,"ARBOÇ, L'",0.04,1.0,43016,exact
43,ARBOLÍ,0.04,1.0,43015,exact
43,"ARGENTERA, L'",0.04,1.0,43017,exact
43,ASCÓ,0.04,1.0,43019,exact
43,BANYERES DEL PENEDÈS,0.04,1.0,43020,exact
43,BARBERÀ DE LA CONCA,0.04,1.0,43021,exact
43,BELLMUNT DEL PRIORAT,0.04,1.0,43023,exact
43,BELLVEI,0.04,1.0,43024,exact
43,BENIFALLET,0.04,1.0,43025,exact
43,BENISSANET,0.04,1.0,43026,exact
43,"BISBAL DE FALSET, LA",0.04,1.0,43027,alias
43,"BISBAL DEL PENEDÈS, LA",0.04,1.0,43028,exact
43,BLANCAFORT,0.04,1.0,43029,exact
43,BONASTRE,0.04,1.0,43030,exact
43,"BORGES DEL CAMP, LES",0.04,1.0,43031,exact
43,BOTARELL,0.04,1.0,43033,exact
43,BRÀFIM,0.04,1.0,43034,exact
43,CABACÉS,0.04,1.0,43035,exact
43,CABRA DEL CAMP,0.04,1.0,43036,exact
43,CALAFELL,0.04,1.0,43037,exact
43,CAMARLES,0.04,1.0,43903,exact
43,CAMBRILS,0.04,1.0,43038,exact
43,CAPAFONTS,0.04,1.0,43039,exact
43,CAPÇANES,0.04,1.0,43040,exact
43,CASTELLVELL DEL CAMP,0.04,1.0,43042,exact
43,"CATLLAR, EL",0.04,1.0,43043,exact
43,COLLDEJOU,0.04,1.0,43045,exact
43,CONESA,0.04,1.0,43046,exact
43,CONSTANTÍ,0.04,1.0,43047,exact
43,CORBERA D'EBRE,0.04,1.0,43048,exact
43,CORNUDELLA DE MONTSANT,0.04,1.0,43049,exact
43,CREIXELL,0.04,1.0,43050,exact
43,CUNIT,0.04,1.0,43051,exact
43,DELTEBRE,0.04,1.0,43901,exact
43,DUESAIGÜES,0.04,1.0,43053,exact
43,"ESPLUGA DE FRANCOLÍ, L'",0.04,1.0,43054,exact
43,FALSET,0.04,1.0,43055,exact
43,"FATARELLA, LA",0.04,1.0,43056,exact
43,"FEBRÓ, LA",0.04,1.0,43057,exact
43,"FIGUERA, LA",0.04,1.0,43058,exact
43,FIGUEROLA DEL CAMP,0.04,1.0,43059,exact
43,FLIX,0.04,1.0,43060,exact
43,FORÈS,0.04,1.0,43061,exact
43,FREGINALS,0.04,1.0,43062,exact
43,GARCIA,0.04,1.0,43065,exact
43,"GARIDELLS, ELS",0.04,1.0,43066,exact
43,GINESTAR,0.04,1.0,43067,exact
43,GRATALLOPS,0.04,1.0,43069,exact
43,"GUIAMETS, ELS",0.04,1.0,43070,exact
43,"LLOAR, EL",0.04,1.0,43072,exact
43,LLORENÇ DEL PENEDÈS,0.04,1.0,43074,exact
43,MARÇÀ,0.04,1.0,43076,exact
43,MARGALEF,0.04,1.0,43075,exact
43,MASDENVERGE,0.04,1.0,43078,exact
43,MASLLORENÇ,0.04,1.0,43079,exact
43,"MASÓ, LA",0.04,1.0,43080,exact
43,MASPUJOLS,0.04,1.0,43081,exact
43,"MASROIG, EL",0.04,1.0,43082,exact
43,"MILÀ, EL",0.04,1.0,43083,exact
43,MIRAVET,0.04,1.0,43084,exact
43,"MOLAR, EL",0.04,1.0,43085,exact
43,MONTBLANC,0.04,1.0,43086,exact
43,MONTBRIÓ DEL CAMP,0.04,1.0,43088,exact
43,MONTFERRI,0.04,1.0,43089,exact
43,"MONTMELL, EL",0.04,1.0,43090,exact
43,MONT RAL,0.04,1.0,43091,exact
43,MONT ROIG DEL CAMP,0.04,1.0,43092,exact
43,MÓRA D'EBRE,0.04,1.0,43093,exact
43,MÓRA LA NOVA,0.04,1.0,43094,exact
43,"MORELL, EL",0.04,1.0,43095,exact
43,"MORERA DE MONTSANT, LA",0.04,1.0,43096,exact
43,"NOU DE GAIÀ, LA",0.04,1.0,43097,exact
43,NULLES,0.04,1.0,43098,exact
43,"PALLARESOS, ELS",0.04,1.0,43100,exact
43,"PALMA D'EBRE, LA",0.04,1.0,43099,exact
43,PERAFORT,0.04,1.0,43103,exact
43,"PERELLÓ, EL",0.04,1.0,43104,exact
43,"PILES, LES",0.04,1.0,43105,exact
43,"PINELL DE BRAI, EL",0.04,1.0,43106,exact
43,PIRA,0.04,1.0,43107,exact
43,"PLA DE SANTA MARIA, EL",0.04,1.0,43108,exact
43,"POBLA DE MAFUMET, LA",0.04,1.0,43109,exact
43,"POBLA DE MONTORNÈS, LA",0.04,1.0,43111,exact
43,POBOLEDA,0.04,1.0,43112,exact
43,"PONT D'ARMENTERA, EL",0.04,1.0,43113,exact
43,PONTILS,0.04,1.0,43141,exact
43,PORRERA,0.04,1.0,43114,exact
43,PRADELL DE LA TEIXETA,0.04,1.0,43115,exact
43,PRADES,0.04,1.0,43116,exact
43,PRATDIP,0.04,1.0,43118,exact
43,PUIGPELAT,0.04,1.0,43119,exact
43,QUEROL,0.04,1.0,43120,exact
43,RASQUERA,0.04,1.0,43121,exact
43,RENAU,0.04,1.0,43122,exact
43,REUS,0.04,1.0,43123,exact
43,"RIBA, LA",0.04,1.0,43124,exact
43,"RIERA DE GAIÀ, LA",0.04,1.0,43126,exact
43,RIUDECANYES,0.04,1.0,43127,exact
43,RIUDECOLS,0.04,1.0,43128,exact
43,RIUDOMS,0.04,1.0,43129,exact
43,ROCAFORT DE QUERALT,0.04,1.0,43130,exact
43,RODA DE BARÀ,0.04,1.0,43131,fuzzy
43,RODONYÀ,0.04,1.0,43132,exact
43,ROQUETES,0.04,1.0,43133,exact
43,"ROURELL, EL",0.04,1.0,43134,exact
43,SALOMÓ,0.04,1.0,43135,exact
43,SALOU,0.04,1.0,43905,exact
43,SANT CARLES DE LA RÀPITA,0.04,1.0,43136,alias
43,SANT JAUME DELS DOMENYS,0.04,1.0,43137,exact
43,SANT JAUME D'ENVEJA,0.04,1.0,43902,exact
43,SANTA BÀRBARA,0.04,1.0,43138,exact
43,SANTA COLOMA DE QUERALT,0.04,1.0,43139,exact
43,SANTA OLIVA,0.04,1.0,43140,exact
43,SARRAL,0.04,1.0,43142,exact
43,"SECUITA, LA",0.04,1.0,43144,exact
43,"SELVA DEL CAMP, LA",0.04,1.0,43145,exact
43,SOLIVELLA,0.04,1.0,43147,exact
43,TARRAGONA,0.04,1.0,43148,exact
43,TIVENYS,0.04,1.0,43149,exact
43,TIVISSA,0.04,1.0,43150,exact
43,"TORRE DE FONTAUBELLA, LA",0.04,1.0,43151,exact
43,"TORRE DE L'ESPANYOL, LA",0.04,1.0,43152,exact
43,TORREDEMBARRA,0.04,1.0,43153,exact
43,TORROJA DEL PRIORAT,0.04,1.0,43154,exact
43,TORTOSA,0.04,1.0,43155,exact
43,ULLDEMOLINS,0.04,1.0,43157,exact
43,VALLCLARA,0.04,1.0,43158,exact
43,VALLMOLL,0.04,1.0,43160,exact
43,VALLS,0.04,1.0,43161,exact
43,VANDELLÒS I L'HOSPITALET DE L'INFANT,0.04,1.0,43162,exact
43,"VENDRELL, EL",0.04,1.0,43163,exact
43,VESPELLA DE GAIÀ,0.04,1.0,43164,exact
43,VILABELLA,0.04,1.0,43165,exact
43,VILALLONGA DEL CAMP,0.04,1.0,43166,exact
43,VILANOVA DE PRADES,0.04,1.0,43168,exact
43,VILANOVA D'ESCORNALBOU,0.04,1.0,43167,exact
43,VILAPLANA,0.04,1.0,43169,exact
43,VILA RODONA,0.04,1.0,43170,exact
43,VILA SECA,0.04,1.0,43171,exact
43,VILAVERD,0.04,1.0,43172,exact
43,"VILELLA ALTA, LA",0.04,1.0,43173,exact
43,"VILELLA BAIXA, LA",0.04,1.0,43174,exact
43,VIMBODÍ,0.04,1.0,43176,alias
43,VINEBRE,0.04,1.0,43177,exact
43,VINYOLS I ELS ARCS,0.04,1.0,43178,exact
43,XERTA,0.04,1.0,43052,exact
03,ADSUBIA,0.07,1.0,03001,alias
03,AGOST,0.11,1.0,03002,exact
03,AGRES,0.07,1.0,03003,exact
03,AIGÜES,0.11,1.0,03004,exact
03,ALBATERA,0.15,1.0,03005,exact
03,ALCALALÍ,0.07,1.0,03006,exact
03,ALCOCER DE PLANES,0.07,1.0,03007,alias
03,ALCOLEJA,0.08,1.0,03008,exact
03,ALCOY/ALCOI,0.07,1.0,03009,exact
03,ALFAFARA,0.07,1.0,03010,exact
03,"ALFÀS DEL PI, L'",0.08,1.0,03011,exact
03,ALGORFA,0.16,1.0,03012,exact
03,ALGUEÑA,0.12,1.0,03013,exact
03,ALICANTE/ALACANT,0.14,1.0,03014,exact
03,ALMORADÍ,0.16,1.0,03015,exact
03,ALMUDAINA,0.07,1.0,03016,exact
03,"ALQUERIA D'ASNAR, L'",0.07,1.0,03017,exact
03,ALTEA,0.08,1.0,03018,exact
03,ASPE,0.13,1.0,03019,exact
03,BALONES,0.07,1.0,03020,exact
03,BANYERES DE MARIOLA,0.07,1.0,03021,exact
03,BENASAU,0.07,1.0,03022,exact
03,BENEIXAMA,0.07,1.0,03023,exact
03,BENEJÚZAR,0.16,1.0,03024,exact
03,BENFERRI,0.15,1.0,03025,exact
03,BENIARBEIG,0.07,1.0,03026,exact
03,BENIARDÁ,0.07,1.0,03027,exact
03,BENIARRÉS,0.07,1.0,03028,exact
03,BENIDOLEIG,0.07,1.0,03030,exact
03,BENIDORM,0.09,1.0,03031,exact
03,BENIFALLIM,0.08,1.0,03032,exact
03,BENIFATO,0.08,1.0,03033,exact
03,BENIGEMBLA,0.07,1.0,03029,exact
03,BENIJÓFAR,0.15,1.0,03034,exact
03,BENILLOBA,0.07,1.0,03035,exact
03,BENILLUP,0.07,1.0,03036,exact
03,BENIMANTELL,0.08,1.0,03037,exact
03,BENIMARFULL,0.07,1.0,03038,exact
03,BENIMASSOT,0.07,1.0,03039,exact
03,BENIMELI,0.07,1.0,03040,exact
03,BENISSA,0.06,1.0,03041,exact
03,"BENITACHELL/POBLE NOU DE BENITATXELL,EL",0.05,1.0,03042,exact
03,BIAR,0.07,1.0,03043,exact
03,BIGASTRO,0.16,1.0,03044,exact
03,BOLULLA,0.07,1.0,03045,exact
03,BUSOT,0.11,1.0,03046,exact
03,CALLOSA DE SEGURA,0.16,1.0,03049,exact
03,CALLOSA D'EN SARRIÀ,0.08,1.0,03048,exact
03,CALPE/CALP,0.06,1.0,03047,exact
03,"CAMPELLO, EL",0.13,1.0,03050,exact
03,"CAMPO DE MIRRA/CAMP DE MIRRA, EL",0.07,1.0,03051,exact
03,CAÑADA,0.07,1.0,03052,exact
03,CASTALLA,0.08,1.0,03053,exact
03,CASTELL DE CASTELLS,0.07,1.0,03054,exact
03,CATRAL,0.15,1.0,03055,exact
03,COCENTAINA,0.07,1.0,03056,exact
03,CONFRIDES,0.08,1.0,03057,exact
03,COX,0.16,1.0,03058,exact
03,CREVILLENT,0.15,1.0,03059,exact
03,DAYA NUEVA,0.16,1.0,03061,exact
03,DAYA VIEJA,0.16,1.0,03062,exact
03,DÉNIA,0.06,1.0,03063,exact
03,DOLORES,0.16,1.0,03064,exact
03,ELCHE/ELX,0.15,1.0,03065,exact
03,ELDA,0.09,1.0,03066,exact
03,FACHECA,0.07,1.0,03067,alias
03,FAMORCA,0.07,1.0,03068,exact
03,FINESTRAT,0.09,1.0,03069,exact
03,FORMENTERA DEL SEGURA,0.15,1.0,03070,exact
03,GAIANES,0.07,1.0,03072,exact
03,GATA DE GORGOS,0.06,1.0,03071,exact
03,GORGA,0.07,1.0,03073,exact
03,GRANJA DE ROCAMORA,0.15,1.0,03074,exact
03,GUADALEST,0.07,1.0,03075,alias
03,GUARDAMAR DEL SEGURA,0.15,1.0,03076,exact
03,HONDÓN DE LAS NIEVES,0.13,1.0,03077,exact
03,HONDÓN DE LOS FRAILES,0.14,1.0,03078,exact
03,IBI,0.08,1.0,03079,exact
03,JACARILLA,0.16,1.0,03080,exact
03,JALÓN/XALÓ,0.07,1.0,03081,exact
03,JÁVEA/XÀBIA,0.05,1.0,03082,exact
03,JIJONA/XIXONA,0.09,1.0,03083,exact
03,"LORCHA/ORXA, L'",0.07,1.0,03084,exact
03,LLÍBER,0.07,1.0,03085,exact
03,MILLENA,0.07,1.0,03086,exact
03,MONFORTE DEL CID,0.12,1.0,03088,exact
03,MONÓVAR/MONÒVER,0.1,1.0,03089,exact
03,"MONTESINOS, LOS",0.15,1.0,03903,exact
03,MURLA,0.07,1.0,03091,exact
03,MURO DE ALCOY,0.07,1.0,03092,exact
03,MUTXAMEL,0.13,1.0,03090,exact
03,NOVELDA,0.12,1.0,03093,exact
03,"NUCIA, LA",0.08,1.0,03094,exact
03,ONDARA,0.06,1.0,03095,exact
03,ONIL,0.07,1.0,03096,exact
03,ORBA,0.07,1.0,03097,exact
03,ORIHUELA,0.16,1.0,03099,exact
03,ORXETA,0.09,1.0,03098,exact
03,PARCENT,0.07,1.0,03100,exact
03,PEDREGUER,0.06,1.0,03101,exact
03,PEGO,0.07,1.0,03102,exact
03,PENÀGUILA,0.07,1.0,03103,exact
03,PETRER,0.09,1.0,03104,exact
03,PILAR DE LA HORADADA,0.12,1.0,03902,exact
03,PINOSO,0.09,1.0,03105,exact
03,PLANES,0.07,1.0,03106,exact
03,"POBLETS, ELS",0.06,1.0,03901,exact
03,POLOP,0.08,1.0,03107,exact
03,QUATRETONDETA,0.07,1.0,03060,exact
03,RAFAL,0.16,1.0,03109,exact
03,"RÀFOL D'ALMÚNIA, EL",0.07,1.0,03110,exact
03,REDOVÁN,0.16,1.0,03111,exact
03,RELLEU,0.08,1.0,03112,exact
03,ROJALES,0.15,1.0,03113,exact
03,"ROMANA, LA",0.11,1.0,03114,exact
03,SAGRA,0.07,1.0,03115,exact
03,SALINAS,0.08,1.0,03116,exact
03,SAN FULGENCIO,0.16,1.0,03118,exact
03,SAN ISIDRO,0.15,1.0,03904,exact
03,SAN MIGUEL DE SALINAS,0.15,1.0,03120,exact
03,SAN VICENTE DEL RASPEIG/ SANT VICENT DEL RASPEIG,0.13,1.0,03122,exact
03,SANET Y NEGRALS,0.07,1.0,03117,exact
03,SANT JOAN D'ALACANT,0.13,1.0,03119,exact
03,SANTA POLA,0.15,1.0,03121,exact
03,SAX,0.08,1.0,03123,exact
03,SELLA,0.08,1.0,03124,exact
03,SENIJA,0.06,1.0,03125,exact
03,TÁRBENA,0.07,1.0,03127,exact
03,TEULADA,0.06,1.0,03128,exact
03,TIBI,0.09,1.0,03129,exact
03,TOLLOS,0.07,1.0,03130,exact
03,TORMOS,0.07,1.0,03131,exact
03,"TORREMANZANAS/TORRE DE LES MAÇANES, LA",0.08,1.0,03132,exact
03,TORREVIEJA,0.14,1.0,03133,exact
03,"VALL D'ALCALÀ, LA",0.07,1.0,03134,exact
03,VALL DE EBO,0.07,1.0,03135,alias
03,VALL DE GALLINERA,0.07,1.0,03136,fuzzy
03,"VALL DE LAGUAR, LA",0.07,1.0,03137,exact
03,"VERGER, EL",0.06,1.0,03138,exact
03,"VILLAJOYOSA/VILA JOIOSA, LA",0.11,1.0,03139,exact
03,VILLENA,0.07,1.0,03140,exact
46,ADOR,0.07,1.0,46002,exact
46,AGULLENT,0.07,1.0,46004,exact
46,AIELO DE MALFERIT,0.07,1.0,46042,exact
46,AIELO DE RUGAT,0.07,1.0,46043,exact
46,ALAQUÀS,0.07,1.0,46005,exact
46,ALBAIDA,0.07,1.0,46006,exact
46,ALBAL,0.07,1.0,46007,exact
46,ALBALAT DE LA RIBERA,0.07,1.0,46008,exact
46,ALBALAT DELS SORELLS,0.06,1.0,46009,exact
46,ALBALAT DELS TARONGERS,0.04,1.0,46010,exact
46,ALBERIC,0.07,1.0,46011,exact
46,ALBORACHE,0.06,1.0,46012,exact
46,ALBORAYA,0.06,1.0,46013,exact
46,ALBUIXECH,0.06,1.0,46014,exact
46,ALCÀNTERA DE XÚQUER,0.07,1.0,46016,exact
46,ALCÀSSER,0.07,1.0,46015,exact
46,"ALCÚDIA DE CRESPINS, L'",0.07,1.0,46020,exact
46,"ALCÚDIA, L'",0.07,1.0,46019,exact
46,ALDAIA,0.07,1.0,46021,exact
46,ALFAFAR,0.07,1.0,46022,exact
46,ALFARA DEL PATRIARCA,0.06,1.0,46025,exact
46,ALFARP,0.07,1.0,46026,alias
46,ALFARRASÍ,0.07,1.0,46027,exact
46,ALFAUIR,0.07,1.0,46023,exact
46,ALGEMESÍ,0.07,1.0,46029,exact
46,ALGIMIA DE ALFARA,0.04,1.0,46030,fuzzy
46,ALGINET,0.07,1.0,46031,exact
46,ALMÀSSERA,0.06,1.0,46032,exact
46,ALMISERÀ,0.07,1.0,46033,exact
46,ALMOINES,0.07,1.0,46034,exact
46,ALMUSSAFES,0.07,1.0,46035,exact
46,"ALQUERÍA DE LA CONDESA/ ALQUERÍA DE LA COMTESSA, L´",0.07,1.0,46037,exact
46,ALZIRA,0.07,1.0,46017,exact
46,ANNA,0.07,1.0,46039,exact
46,ANTELLA,0.07,1.0,46040,exact
46,ATZENETA D'ALBAIDA,0.07,1.0,46003,exact
46,AYORA,0.07,1.0,46044,exact
46,BARX,0.07,1.0,46046,exact
46,BARXETA,0.07,1.0,46045,exact
46,BÈLGIDA,0.07,1.0,46047,exact
46,BELLREGUARD,0.07,1.0,46048,exact
46,BELLÚS,0.07,1.0,46049,exact
46,BENAGUASIL,0.05,1.0,46051,exact
46,BENEIXIDA,0.07,1.0,46053,exact
46,BENETÚSSER,0.07,1.0,46054,exact
46,BENIARJÓ,0.07,1.0,46055,exact
46,BENIATJAR,0.07,1.0,46056,exact
46,BENICOLET,0.07,1.0,46057,exact
46,BENIFAIÓ,0.07,1.0,46060,exact
46,BENIFAIRÓ DE LA VALLDIGNA,0.07,1.0,46059,exact
46,BENIFLÁ,0.07,1.0,46061,exact
46,BENIGÁNIM,0.07,1.0,46062,exact
46,BENIMODO,0.07,1.0,46063,exact
46,BENIMUSLEM,0.07,1.0,46064,exact
46,BENIPARRELL,0.07,1.0,46065,exact
46,BENIRREDRÀ,0.07,1.0,46066,exact
46,BENISANÓ,0.05,1.0,46067,fuzzy
46,BENISODA,0.07,1.0,46068,fuzzy
46,BENISUERA,0.07,1.0,46069,fuzzy
46,BÉTERA,0.06,1.0,46070,exact
46,BICORP,0.07,1.0,46071,exact
46,BOCAIRENT,0.07,1.0,46072,exact
46,BOLBAITE,0.07,1.0,46073,exact
46,BONREPÒS I MIRAMBELL,0.06,1.0,46074,exact
46,BUFALI,0.07,1.0,46075,exact
46,BUÑOL,0.06,1.0,46077,exact
46,BURJASSOT,0.06,1.0,46078,exact
46,CANALS,0.07,1.0,46081,exact
46,CANET D'EN BERENGUER,0.04,1.0,46082,exact
46,CARCAIXENT,0.07,1.0,46083,exact
46,CÀRCER,0.07,1.0,46084,exact
46,CARLET,0.07,1.0,46085,exact
46,CARRÍCOLA,0.07,1.0,46086,exact
46,CASTELLÓ DE RUGAT,0.07,1.0,46090,exact
46,CASTELLONET DE LA CONQUESTA,0.07,1.0,46091,exact
46,CATADAU,0.07,1.0,46093,exact
46,CATARROJA,0.07,1.0,46094,exact
46,CERDÀ,0.07,1.0,46096,exact
46,CHELLA,0.07,1.0,46107,exact
46,CHESTE,0.06,1.0,46109,exact
46,CHIVA,0.06,1.0,46111,exact
46,COFRENTES,0.06,1.0,46097,exact
46,CORBERA,0.07,1.0,46098,exact
46,CORTES DE PALLÁS,0.06,1.0,46099,exact
46,COTES,0.07,1.0,46100,exact
46,CULLERA,0.07,1.0,46105,exact
46,DAIMÚS,0.07,1.0,46113,exact
46,DOS AGUAS,0.07,1.0,46115,exact
46,"ELIANA, L'",0.06,1.0,46116,exact
46,EMPERADOR,0.06,1.0,46117,exact
46,ENGUERA,0.07,1.0,46118,exact
46,"ÈNOVA, L'",0.07,1.0,46119,exact
46,ESTIVELLA,0.04,1.0,46120,exact
46,ESTUBENY,0.07,1.0,46121,exact
46,FAVARA,0.07,1.0,46123,exact
46,FOIOS,0.06,1.0,46126,exact
46,"FONT DE LA FIGUERA, LA",0.07,1.0,46128,exact
46,"FONT D'EN CARRÒS, LA",0.07,1.0,46127,exact
46,FONTANARS DELS ALFORINS,0.07,1.0,46124,exact
46,FORTALENY,0.07,1.0,46125,exact
46,GANDIA,0.07,1.0,46131,exact
46,GAVARDA,0.07,1.0,46130,exact
46,GENOVÉS,0.07,1.0,46132,alias
46,GILET,0.05,1.0,46134,exact
46,GODELLA,0.06,1.0,46135,exact
46,GODELLETA,0.06,1.0,46136,exact
46,"GRANJA DE LA COSTERA, LA",0.07,1.0,46137,exact
46,GUADASEQUIES,0.07,1.0,46138,fuzzy
46,GUADASSUAR,0.07,1.0,46139,exact
46,GUARDAMAR,0.07,1.0,46140,alias
46,JALANCE,0.06,1.0,46142,exact
46,JARAFUEL,0.06,1.0,46144,exact
46,LORIGUILLA,0.06,1.0,46148,exact
46,LUGAR NUEVO DE LA CORONA,0.07,1.0,46152,alias
46,LLANERA DE RANES,0.07,1.0,46154,exact
46,LLAURÍ,0.07,1.0,46155,exact
46,LLÍRIA,0.05,1.0,46147,exact
46,LLOCNOU DE SANT JERONI,0.07,1.0,46153,exact
46,LLOCNOU D'EN FENOLLET,0.07,1.0,46151,exact
46,LLOMBAI,0.07,1.0,46156,exact
46,LLOSA DE RANES,0.07,1.0,46157,fuzzy
46,LLUTXENT,0.07,1.0,46150,exact
46,MACASTRE,0.06,1.0,46158,exact
46,MANISES,0.06,1.0,46159,exact
46,MANUEL,0.07,1.0,46160,exact
46,MASALAVÉS,0.07,1.0,46162,fuzzy
46,MASSALFASSAR,0.06,1.0,46163,exact
46,MASSAMAGRELL,0.06,1.0,46164,exact
46,MASSANASSA,0.07,1.0,46165,exact
46,MELIANA,0.06,1.0,46166,exact
46,MILLARES,0.07,1.0,46167,exact
46,MIRAMAR,0.07,1.0,46168,exact
46,MISLATA,0.07,1.0,46169,exact
46,MOGENTE/MOIXENT,0.07,1.0,46170,exact
46,MONCADA,0.06,1.0,46171,exact
46,MONSERRAT,0.07,1.0,46172,fuzzy
46,MONTAVERNER,0.07,1.0,46173,exact
46,MONTESA,0.07,1.0,46174,exact
46,MONTICHELVO,0.07,1.0,46175,exact
46,MONTROY,0.07,1.0,46176,exact
46,MUSEROS,0.06,1.0,46177,exact
46,NÁQUERA,0.05,1.0,46178,exact
46,NAVARRÉS,0.07,1.0,46179,exact
46,NOVELÉ/NOVETLÈ,0.07,1.0,46180,exact
46,OLIVA,0.07,1.0,46181,exact
46,"OLLERIA, L'",0.07,1.0,46183,exact
46,OLOCAU,0.04,1.0,46182,exact
46,ONTINYENT,0.07,1.0,46184,exact
46,OTOS,0.07,1.0,46185,exact
46,PAIPORTA,0.07,1.0,46186,exact
46,PALMA DE GANDÍA,0.07,1.0,46187,exact
46,PALMERA,0.07,1.0,46188,exact
46,"PALOMAR, EL",0.07,1.0,46189,exact
46,PATERNA,0.06,1.0,46190,exact
46,PEDRALBA,0.04,1.0,46191,exact
46,PETRÉS,0.04,1.0,46192,exact
46,PICANYA,0.07,1.0,46193,exact
46,PICASSENT,0.07,1.0,46194,exact
46,PILES,0.07,1.0,46195,exact
46,PINET,0.07,1.0,46196,exact
46,"POBLA DE FARNALS, LA",0.06,1.0,46199,exact
46,"POBLA DE VALLBONA, LA",0.05,1.0,46202,exact
46,"POBLA DEL DUC, LA",0.07,1.0,46200,exact
46,"POBLA LLARGA, LA",0.07,1.0,46203,exact
46,POLINYÀ DE XÚQUER,0.07,1.0,46197,exact
46,POTRÍES,0.07,1.0,46198,exact
46,PUÇOL,0.05,1.0,46205,exact
46,PUIG,0.05,1.0,46204,alias
46,QUART DE POBLET,0.07,1.0,46102,exact
46,QUATRETONDA,0.07,1.0,46104,exact
46,QUESA,0.07,1.0,46206,exact
46,RAFELBUÑOL/RAFELBUNYOL,0.06,1.0,46207,exact
46,RAFELCOFER,0.07,1.0,46208,exact
46,RAFELGUARAF,0.07,1.0,46209,exact
46,RÁFOL DE SALEM,0.07,1.0,46210,exact
46,REAL DE GANDÍA,0.07,1.0,46211,fuzzy
46,REAL DE MONTROI,0.07,1.0,46212,alias
46,RIBA ROJA DE TÚRIA,0.06,1.0,46214,exact
46,RIOLA,0.07,1.0,46215,exact
46,ROCAFORT,0.06,1.0,46216,exact
46,ROTGLÁ Y CORBERÁ,0.07,1.0,46217,fuzzy
46,RÓTOVA,0.07,1.0,46218,exact
46,RUGAT,0.07,1.0,46219,exact
46,SAGUNTO/SAGUNT,0.04,1.0,46220,exact
46,SALEM,0.07,1.0,46221,exact
46,SAN ANTONIO DE BENAGÉBER,0.06,1.0,46903,exact
46,SAN JUAN DE ÉNOVA,0.07,1.0,46222,alias
46,SEDAVÍ,0.07,1.0,46223,exact
46,SEGART,0.05,1.0,46224,exact
46,SELLENT,0.07,1.0,46225,exact
46,SEMPERE,0.07,1.0,46226,exact
46,SENYERA,0.07,1.0,46227,exact
46,SERRA,0.05,1.0,46228,exact
46,SIETE AGUAS,0.04,1.0,46229,exact
46,SILLA,0.07,1.0,46230,exact
46,SIMAT DE LA VALLDIGNA,0.07,1.0,46231,exact
46,SOLLANA,0.07,1.0,46233,exact
46,SUECA,0.07,1.0,46235,exact
46,SUMACÀRCER,0.07,1.0,46236,exact
46,TAVERNES BLANQUES,0.06,1.0,46237,exact
46,TAVERNES DE LA VALLDIGNA,0.07,1.0,46238,exact
46,TERESA DE COFRENTES,0.07,1.0,46239,exact
46,TERRATEIG,0.07,1.0,46240,exact
46,TORRELLA,0.07,1.0,46243,exact
46,TORRENT,0.07,1.0,46244,exact
46,TORRES TORRES,0.04,1.0,46245,exact
46,TOUS,0.07,1.0,46246,exact
46,TURÍS,0.06,1.0,46248,exact
46,VALENCIA,0.06,1.0,46250,exact
46,VALLADA,0.07,1.0,46251,exact
46,VALLÉS,0.07,1.0,46253,exact
46,VILAMARXANT,0.05,1.0,46256,exact
46,VILLALONGA,0.07,1.0,46255,exact
46,VILLANUEVA DE CASTELLÓN,0.07,1.0,46257,alias
46,VINALESA,0.06,1.0,46260,exact
46,XÀTIVA,0.07,1.0,46145,exact
46,XERACO,0.07,1.0,46143,exact
46,XERESA,0.07,1.0,46146,exact
46,XIRIVELLA,0.07,1.0,46110,exact
46,YÁTOVA,0.06,1.0,46261,exact
46,ZARRA,0.07,1.0,46263,exact
06,ACEUCHAL,0.04,1.3,06002,exact
06,"ALBUERA, LA",0.05,1.3,06005,exact
06,ALBURQUERQUE,0.04,1.3,06006,exact
06,ALCONCHEL,0.06,1.3,06007,exact
06,ALCONERA,0.04,1.3,06008,exact
06,ALMENDRAL,0.05,1.3,06010,exact
06,ATALAYA,0.05,1.3,06013,exact
06,BADAJOZ,0.05,1.3,06015,exact
06,BARCARROTA,0.05,1.3,06016,exact
06,BIENVENIDA,0.04,1.3,06020,exact
06,BODONAL DE LA SIERRA,0.05,1.3,06021,exact
06,BURGUILLOS DEL CERRO,0.05,1.3,06022,exact
06,CABEZA LA VACA,0.05,1.3,06024,exact
06,CALERA DE LEÓN,0.05,1.3,06026,exact
06,CALZADILLA DE LOS BARROS,0.04,1.3,06027,exact
06,CASAS DE REINA,0.04,1.2,06034,exact
06,"CODOSERA, LA",0.04,1.3,06037,exact
06,CORTE DE PELEAS,0.04,1.3,06040,exact
06,CHELES,0.07,1.2,06042,exact
06,ENTRÍN BAJO,0.04,1.3,06045,exact
06,FERIA,0.04,1.3,06049,exact
06,FREGENAL DE LA SIERRA,0.05,1.3,06050,exact
06,FUENTE DE CANTOS,0.04,1.3,06052,exact
06,FUENTE DEL ARCO,0.04,1.2,06053,exact
06,FUENTE DEL MAESTRE,0.04,1.3,06054,exact
06,FUENTES DE LEÓN,0.05,1.3,06055,exact
06,HIGUERA DE VARGAS,0.06,1.3,06066,exact
06,HIGUERA LA REAL,0.06,1.3,06067,exact
06,JEREZ DE LOS CABALLEROS,0.05,1.3,06070,exact
06,"LAPA, LA",0.04,1.3,06071,exact
06,LLERENA,0.04,1.3,06074,exact
06,LOBÓN,0.04,1.3,06072,exact
06,MALCOCINADO,0.04,1.2,06077,exact
06,MEDINA DE LAS TORRES,0.04,1.3,06081,exact
06,MONESTERIO,0.04,1.3,06085,exact
06,MONTEMOLÍN,0.04,1.3,06086,exact
06,"MORERA, LA",0.05,1.3,06089,exact
06,NOGALES,0.05,1.3,06092,exact
06,OLIVA DE LA FRONTERA,0.06,1.3,06093,exact
06,OLIVENZA,0.05,1.3,06095,exact
06,"PARRA, LA",0.05,1.3,06099,exact
06,PUEBLA DE LA CALZADA,0.04,1.3,06103,exact
06,PUEBLA DE SANCHO PÉREZ,0.04,1.3,06108,exact
06,PUEBLA DEL MAESTRE,0.04,1.2,06105,exact
06,PUEBLONUEVO DEL GUADIANA,0.05,1.3,06902,exact
06,REINA,0.04,1.2,06110,exact
06,ROCA DE LA SIERRA,0.05,1.3,06115,fuzzy
06,SALVALEÓN,0.05,1.3,06116,exact
06,SALVATIERRA DE LOS BARROS,0.05,1.3,06117,exact
06,SAN VICENTE DE ALCÁNTARA,0.04,1.2,06123,exact
06,SANTA MARTA,0.04,1.3,06121,exact
06,"SANTOS DE MAIMONA, LOS",0.04,1.3,06122,exact
06,SEGURA DE LEÓN,0.05,1.3,06124,exact
06,SOLANA DE LOS BARROS,0.04,1.3,06126,exact
06,TALAVERA LA REAL,0.04,1.3,06128,exact
06,TÁLIGA,0.06,1.3,06129,exact
06,TORRE DE MIGUEL SESMERO,0.05,1.3,06131,exact
06,TRASIERRA,0.04,1.2,06134,exact
06,USAGRE,0.04,1.3,06136,exact
06,VALDELACALZADA,0.04,1.3,06901,exact
06,VALENCIA DEL MOMBUEY,0.08,1.2,06140,exact
06,VALENCIA DEL VENTOSO,0.05,1.3,06141,exact
06,VALLE DE MATAMOROS,0.05,1.3,06147,exact
06,VALLE DE SANTA ANA,0.05,1.3,06148,exact
06,VALVERDE DE BURGUILLOS,0.05,1.3,06142,exact
06,VALVERDE DE LEGANÉS,0.05,1.3,06143,exact
06,VILLAFRANCA DE LOS BARROS,0.04,1.3,06149,exact
06,VILLAGARCÍA DE LA TORRE,0.04,1.3,06150,exact
06,VILLALBA DE LOS BARROS,0.04,1.3,06152,exact
06,VILLANUEVA DEL FRESNO,0.07,1.2,06154,exact
06,VILLAR DEL REY,0.05,1.3,06155,exact
06,ZAFRA,0.04,1.3,06158,exact
06,ZAHÍNOS,0.06,1.3,06159,exact
10,CARBAJO,0.04,1.2,10046,exact
10,CEDILLO,0.07,1.1,10062,exact
10,HERRERA DE ALCÁNTARA,0.06,1.1,10094,exact
10,MEMBRÍO,0.04,1.2,10119,exact
10,SALORINO,0.04,1.2,10162,exact
10,SANTIAGO DE ALCÁNTARA,0.04,1.2,10169,exact
10,VALENCIA DE ALCÁNTARA,0.04,1.2,10203,exact
15,MELIDE,0.04,1.0,15046,exact
15,SANTISO,0.04,1.0,15079,exact
15,TOQUES,0.04,1.0,15083,exact
27,ABADÍN,0.04,1.0,27001,exact
27,ALFOZ,0.04,1.0,27002,alias
27,ANTAS DE ULLA,0.04,1.0,27003,exact
27,BALEIRA,0.04,1.0,27004,exact
27,BARALLA,0.04,1.0,27901,exact
27,BARREIROS,0.04,1.0,27005,exact
27,BECERREÁ,0.04,1.0,27006,exact
27,BEGONTE,0.04,1.0,27007,exact
27,BÓVEDA,0.04,1.0,27008,exact
27,CARBALLEDO,0.04,1.0,27009,exact
27,CASTRO DE REI,0.04,1.0,27010,exact
27,CASTROVERDE,0.04,1.0,27011,exact
27,CERVANTES,0.04,1.0,27012,exact
27,CHANTADA,0.04,1.0,27016,exact
27,"CORGO, O",0.04,1.0,27014,exact
27,COSPEITO,0.04,1.0,27015,exact
27,FOLGOSO DO COUREL,0.04,1.0,27017,exact
27,"FONSAGRADA, A",0.04,1.0,27018,exact
27,FOZ,0.04,1.0,27019,exact
27,FRIOL,0.04,1.0,27020,exact
27,GUITIRIZ,0.04,1.0,27022,exact
27,GUNTÍN,0.04,1.0,27023,exact
27,"INCIO, O",0.04,1.0,27024,exact
27,LÁNCARA,0.04,1.0,27026,exact
27,LOURENZÁ,0.04,1.0,27027,exact
27,LUGO,0.04,1.0,27028,exact
27,MEIRA,0.04,1.0,27029,exact
27,MONDOÑEDO,0.04,1.0,27030,exact
27,MONFORTE DE LEMOS,0.04,1.0,27031,exact
27,MONTERROSO,0.04,1.0,27032,exact
27,MURAS,0.04,1.0,27033,exact
27,NAVIA DE SUARNA,0.04,1.0,27034,exact
27,"NOGAIS, AS",0.04,1.0,27037,exact
27,OUROL,0.04,1.0,27038,exact
27,OUTEIRO DE REI,0.04,1.0,27039,exact
27,PALAS DE REI,0.04,1.0,27040,exact
27,PANTÓN,0.04,1.0,27041,exact
27,PARADELA,0.04,1.0,27042,exact
27,"PÁRAMO, O",0.04,1.0,27043,exact
27,"PASTORIZA, A",0.04,1.0,27044,fuzzy
27,PEDRAFITA DO CEBREIRO,0.04,1.0,27045,exact
27,"POBRA DO BROLLÓN, A",0.04,1.0,27047,exact
27,POL,0.04,1.0,27046,exact
27,"PONTENOVA, A",0.04,1.0,27048,exact
27,PORTOMARÍN,0.04,1.0,27049,exact
27,QUIROGA,0.04,1.0,27050,exact
27,RÁBADE,0.04,1.0,27056,exact
27,RIBAS DE SIL,0.04,1.0,27052,exact
27,RIBEIRA DE PIQUÍN,0.04,1.0,27053,fuzzy
27,RIOTORTO,0.04,1.0,27054,exact
27,SAMOS,0.04,1.0,27055,exact
27,SARRIA,0.04,1.0,27057,exact
27,"SAVIÑAO, O",0.04,1.0,27058,exact
27,SOBER,0.04,1.0,27059,exact
27,TABOADA,0.04,1.0,27060,exact
27,TRABADA,0.04,1.0,27061,exact
27,TRIACASTELA,0.04,1.0,27062,exact
27,"VALADOURO, O",0.04,1.0,27063,exact
27,VILALBA,0.04,1.0,27065,exact
27,XERMADE,0.04,1.0,27021,exact
32,ALLARIZ,0.04,1.0,32001,exact
32,AMOEIRO,0.04,1.0,32002,exact
32,"ARNOIA, A",0.04,1.0,32003,exact
32,AVIÓN,0.04,1.0,32004,exact
32,BALTAR,0.04,1.0,32005,exact
32,BANDE,0.04,1.0,32006,exact
32,BAÑOS DE MOLGAS,0.04,1.0,32007,exact
32,BARBADÁS,0.04,1.0,32008,exact
32,BEADE,0.04,1.0,32010,exact
32,BEARIZ,0.04,1.0,32011,exact
32,"BLANCOS, OS",0.04,1.0,32012,exact
32,BOBORÁS,0.04,1.0,32013,exact
32,"BOLA, A",0.04,1.0,32014,exact
32,"BOLO, O",0.04,1.0,32015,exact
32,CALVOS DE RANDÍN,0.04,1.0,32016,exact
32,CARBALLEDA DE AVIA,0.04,1.0,32018,exact
32,"CARBALLIÑO, O",0.04,1.0,32019,exact
32,CARTELLE,0.04,1.0,32020,exact
32,CASTRELO DE MIÑO,0.04,1.0,32022,exact
32,CASTRELO DO VAL,0.04,1.0,32021,exact
32,CASTRO CALDELAS,0.04,1.0,32023,alias
32,CELANOVA,0.04,1.0,32024,exact
32,CENLLE,0.04,1.0,32025,exact
32,COLES,0.04,1.0,32026,exact
32,CORTEGADA,0.04,1.0,32027,exact
32,CUALEDRO,0.04,1.0,32028,exact
32,CHANDREXA DE QUEIXA,0.04,1.0,32029,exact
32,ENTRIMO,0.04,1.0,32030,exact
32,ESGOS,0.04,1.0,32031,exact
32,GOMESENDE,0.04,1.0,32033,exact
32,"IRIXO, O",0.04,1.0,32035,exact
32,LAROUCO,0.04,1.0,32038,exact
32,LAZA,0.04,1.0,32039,exact
32,LEIRO,0.04,1.0,32040,exact
32,LOBEIRA,0.04,1.0,32041,exact
32,LOBIOS,0.04,1.0,32042,exact
32,MACEDA,0.04,1.0,32043,exact
32,MANZANEDA,0.04,1.0,32044,exact
32,MASIDE,0.04,1.0,32045,exact
32,MELÓN,0.04,1.0,32046,exact
32,"MERCA, A",0.04,1.0,32047,exact
32,MONTEDERRAMO,0.04,1.0,32049,exact
32,MONTERREI,0.04,1.0,32050,exact
32,MUÍÑOS,0.04,1.0,32051,exact
32,NOGUEIRA DE RAMUÍN,0.04,1.0,32052,exact
32,OÍMBRA,0.04,1.0,32053,exact
32,OURENSE,0.04,1.0,32054,exact
32,PADERNE DE ALLARIZ,0.04,1.0,32055,exact
32,PADRENDA,0.04,1.0,32056,exact
32,PARADA DE SIL,0.04,1.0,32057,exact
32,"PEREIRO DE AGUIAR, O",0.04,1.0,32058,exact
32,"PEROXA, A",0.04,1.0,32059,exact
32,PETÍN,0.04,1.0,32060,exact
32,PIÑOR,0.04,1.0,32061,exact
32,"POBRA DE TRIVES, A",0.04,1.0,32063,exact
32,PONTEDEVA,0.04,1.0,32064,exact
32,PORQUEIRA,0.04,1.0,32062,exact
32,PUNXÍN,0.04,1.0,32065,exact
32,QUINTELA DE LEIRADO,0.04,1.0,32066,exact
32,RAIRIZ DE VEIGA,0.04,1.0,32067,exact
32,RAMIRÁS,0.04,1.0,32068,exact
32,RIBADAVIA,0.04,1.0,32069,exact
32,"RÚA, A",0.04,1.0,32072,exact
32,SAN AMARO,0.04,1.0,32074,exact
32,SAN CIBRAO DAS VIÑAS,0.04,1.0,32075,exact
32,SAN CRISTOVO DE CEA,0.04,1.0,32076,exact
32,SAN XOÁN DE RÍO,0.04,1.0,32070,exact
32,SANDIÁS,0.04,1.0,32077,exact
32,SARREAUS,0.04,1.0,32078,exact
32,TABOADELA,0.04,1.0,32079,exact
32,"TEIXEIRA, A",0.04,1.0,32080,exact
32,TOÉN,0.04,1.0,32081,exact
32,TRASMIRAS,0.04,1.0,32082,exact
32,VEREA,0.04,1.0,32084,exact
32,VERÍN,0.04,1.0,32085,exact
32,VIANA DO BOLO,0.04,1.0,32086,exact
32,VILAMARÍN,0.04,1.0,32087,exact
32,VILAMARTÍN DE VALDEORRAS,0.04,1.0,32088,exact
32,VILAR DE BARRIO,0.04,1.0,32089,exact
32,VILAR DE SANTOS,0.04,1.0,32090,exact
32,VILARIÑO DE CONSO,0.04,1.0,32092,exact
32,XINZO DE LIMIA,0.04,1.0,32032,exact
32,XUNQUEIRA DE AMBÍA,0.04,1.0,32036,exact
32,XUNQUEIRA DE ESPADANEDO,0.04,1.0,32037,exact
36,AGOLADA,0.04,1.0,36020,exact
36,ARBO,0.04,1.0,36001,exact
36,"CAÑIZA, A",0.04,1.0,36009,exact
36,COVELO,0.04,1.0,36013,exact
36,CRECENTE,0.04,1.0,36014,exact
36,DOZÓN,0.04,1.0,36016,exact
36,FORCAREI,0.04,1.0,36018,exact
36,"IGREXA, A",0.04,1.0,36038,alias
36,LALÍN,0.04,1.0,36024,exact
36,MONDARIZ,0.04,1.0,36030,exact
36,MONDARIZ BALNEARIO O TRONCOSO,0.04,1.0,36031,alias
36,"NEVES, AS",0.04,1.0,36034,exact
36,"PEDREIRA, A",0.04,1.0,36038,alias
36,RODEIRO,0.04,1.0,36047,exact
36,SILLEDA,0.04,1.0,36052,exact
36,VILA DE CRUCES,0.04,1.0,36059,exact
07,ALAIOR,0.04,1.0,07002,exact
07,ALARÓ,0.04,1.0,07001,exact
07,ALCÚDIA,0.04,1.0,07003,exact
07,ALGAIDA,0.04,1.0,07004,exact
07,ANDRATX,0.04,1.0,07005,exact
07,ARIANY,0.04,1.0,07901,exact
07,ARTÀ,0.04,1.0,07006,exact
07,BANYALBUFAR,0.04,1.0,07007,exact
07,BINISSALEM,0.04,1.0,07008,exact
07,BÚGER,0.04,1.0,07009,exact
07,BUNYOLA,0.04,1.0,07010,exact
07,CALVIÀ,0.04,1.0,07011,exact
07,CAMPANET,0.04,1.0,07012,exact
07,CAMPOS,0.04,1.0,07013,exact
07,CAPDEPERA,0.04,1.0,07014,exact
07,"CASTELL, ES",0.04,1.0,07064,exact
07,CIUTADELLA DE MENORCA,0.04,1.0,07015,exact
07,CONSELL,0.04,1.0,07016,exact
07,COSTITX,0.04,1.0,07017,exact
07,DEYÁ,0.04,1.0,07018,alias
07,EIVISSA,0.04,1.0,07026,exact
07,ESCORCA,0.04,1.0,07019,exact
07,ESPORLES,0.04,1.0,07020,exact
07,ESTELLENCS,0.04,1.0,07021,exact
07,FELANITX,0.04,1.0,07022,exact
07,FERRERIES,0.04,1.0,07023,exact
07,FORMENTERA,0.04,1.0,07024,exact
07,FORNALUTX,0.04,1.0,07025,exact
07,INCA,0.04,1.0,07027,exact
07,LLORET DE VISTAALEGRE,0.04,1.0,07028,fuzzy
07,LLOSETA,0.04,1.0,07029,exact
07,LLUBÍ,0.04,1.0,07030,exact
07,LLUCMAJOR,0.04,1.0,07031,exact
07,MAHÓN,0.04,1.0,07032,alias
07,MANACOR,0.04,1.0,07033,exact
07,MANCOR DE LA VALL,0.04,1.0,07034,exact
07,MARIA DE LA SALUT,0.04,1.0,07035,exact
07,MARRATXÍ,0.04,1.0,07036,exact
07,"MERCADAL, ES",0.04,1.0,07037,exact
07,"MIGJORN GRAN, ES",0.04,1.0,07902,exact
07,MONTUÏRI,0.04,1.0,07038,exact
07,MURO,0.04,1.0,07039,exact
07,PALMA DE MALLORCA,0.04,1.0,07040,alias
07,PETRA,0.04,1.0,07041,exact
07,"POBLA, SA",0.04,1.0,07044,exact
07,POLLENÇA,0.04,1.0,07042,exact
07,PORRERES,0.04,1.0,07043,exact
07,PUIGPUNYENT,0.04,1.0,07045,exact
07,"SALINES, SES",0.04,1.0,07059,exact
07,SAN JOSÉ,0.04,1.0,07048,alias
07,SANT ANTONI DE PORTMANY,0.04,1.0,07046,exact
07,SANT JOAN,0.04,1.0,07049,exact
07,SANT JOAN DE LABRITJA,0.04,1.0,07050,exact
07,SANT LLORENÇ DES CARDASSAR,0.04,1.0,07051,exact
07,SANT LLUÍS,0.04,1.0,07052,exact
07,SANTA EUGÈNIA,0.04,1.0,07053,exact
07,SANTA EULALIA DEL RÍO,0.04,1.0,07054,alias
07,SANTA MARGALIDA,0.04,1.0,07055,exact
07,SANTA MARÍA DEL CAMÍ,0.04,1.0,07056,exact
07,SANTANYÍ,0.04,1.0,07057,exact
07,SELVA,0.04,1.0,07058,exact
07,SENCELLES,0.04,1.0,07047,exact
07,SINEU,0.04,1.0,07060,exact
07,SÓLLER,0.04,1.0,07061,exact
07,SON SERVERA,0.04,1.0,07062,exact
07,VALLDEMOSA,0.04,1.0,07063,fuzzy
07,VILAFRANCA DE BONANY,0.04,1.0,07065,exact
30,ABANILLA,0.15,1.0,30001,exact
30,ABARÁN,0.1,1.0,30002,exact
30,ÁGUILAS,0.11,1.0,30003,exact
30,ALBUDEITE,0.11,1.0,30004,exact
30,ALCANTARILLA,0.15,1.0,30005,exact
30,"ALCÁZARES, LOS",0.08,1.0,30902,exact
30,ALEDO,0.1,1.0,30006,exact
30,ALGUAZAS,0.14,1.0,30007,exact
30,ALHAMA DE MURCIA,0.11,1.0,30008,exact
30,ARCHENA,0.13,1.0,30009,exact
30,BENIEL,0.16,1.0,30010,exact
30,BLANCA,0.11,1.0,30011,exact
30,BULLAS,0.08,1.0,30012,exact
30,CALASPARRA,0.07,1.0,30013,exact
30,CAMPOS DEL RÍO,0.12,1.0,30014,exact
30,CARAVACA DE LA CRUZ,0.07,1.0,30015,exact
30,CARTAGENA,0.07,1.0,30016,exact
30,CEHEGÍN,0.08,1.0,30017,exact
30,CEUTÍ,0.14,1.0,30018,exact
30,CIEZA,0.09,1.0,30019,exact
30,FORTUNA,0.15,1.0,30020,exact
30,FUENTE ÁLAMO DE MURCIA,0.11,1.0,30021,exact
30,JUMILLA,0.07,1.0,30022,exact
30,LIBRILLA,0.12,1.0,30023,exact
30,LORCA,0.12,1.0,30024,exact
30,LORQUÍ,0.14,1.0,30025,exact
30,MAZARRÓN,0.09,1.0,30026,exact
30,MOLINA DE SEGURA,0.15,1.0,30027,exact
30,MORATALLA,0.07,1.0,30028,exact
30,MULA,0.09,1.0,30029,exact
30,MURCIA,0.15,1.0,30030,exact
30,OJÓS,0.12,1.0,30031,exact
30,PLIEGO,0.09,1.0,30032,exact
30,PUERTO LUMBRERAS,0.14,1.0,30033,exact
30,RICOTE,0.12,1.0,30034,exact
30,SAN JAVIER,0.1,1.0,30035,exact
30,SAN PEDRO DEL PINATAR,0.11,1.0,30036,exact
30,SANTOMERA,0.16,1.0,30901,exact
30,TORRE PACHECO,0.09,1.0,30037,exact
30,"TORRES DE COTILLAS, LAS",0.14,1.0,30038,exact
30,TOTANA,0.1,1.0,30039,exact
30,ULEA,0.12,1.0,30040,exact
30,"UNIÓN, LA",0.07,1.0,30041,exact
30,VILLANUEVA DEL RÍO SEGURA,0.13,1.0,30042,exact
30,YECLA,0.07,1.0,30043,exact
31,ABÁIGAR,0.04,1.0,31001,exact
31,ABÁRZUZA,0.04,1.0,31002,exact
31,ABAURREGAINA/ABAURREA ALTA,0.05,1.0,31003,exact
31,ABAURREPEA/ABAURREA BAJA,0.05,1.0,31004,exact
31,ABERIN,0.04,1.0,31005,exact
31,ADIÓS,0.04,1.0,31007,exact
31,AIBAR/OIBAR,0.04,1.0,31009,exact
31,ALLÍN,0.04,1.0,31011,exact
31,ALTSASU/ALSASUA,0.04,1.0,31010,exact
31,AMÉSCOA BAJA,0.04,1.0,31013,exact
31,ANCÍN,0.04,1.0,31014,exact
31,ANSOÁIN,0.04,1.0,31016,exact
31,ANUE,0.04,1.0,31017,exact
31,AÑORBE,0.04,1.0,31018,exact
31,AOIZ/AGOITZ,0.05,1.0,31019,exact
31,ARAITZ,0.04,1.0,31020,exact
31,ARAKIL,0.04,1.0,31025,exact
31,ARANARACHE,0.04,1.0,31021,exact
31,ARANGUREN,0.04,1.0,31023,exact
31,ARANO,0.04,1.0,31024,exact
31,ARANTZA,0.04,1.0,31022,exact
31,ARBIZU,0.04,1.0,31027,exact
31,ARCE/ARTZI,0.05,1.0,31028,exact
31,ARELLANO,0.04,1.0,31030,exact
31,ARESO,0.04,1.0,31031,exact
31,ARIA,0.05,1.0,31033,exact
31,ARIBE,0.05,1.0,31034,exact
31,ARRUAZU,0.04,1.0,31037,exact
31,ARTAJONA,0.04,1.0,31038,exact
31,ARTAZU,0.04,1.0,31039,exact
31,ATEZ,0.04,1.0,31040,fuzzy
31,AURITZ/BURGUETE,0.05,1.0,31058,exact
31,AYEGUI,0.04,1.0,31041,exact
31,BAKAIKU,0.04,1.0,31044,exact
31,BARAÑAIN,0.04,1.0,31901,exact
31,BARÁSOAIN,0.04,1.0,31045,exact
31,BARBARIN,0.04,1.0,31046,exact
31,BASABURUA,0.04,1.0,31049,exact
31,BAZTAN,0.05,1.0,31050,exact
31,BEINTZA LABAIEN,0.04,1.0,31137,exact
31,BELASCOÁIN,0.04,1.0,31052,exact
31,BERA/VERA DE BIDASOA,0.04,1.0,31250,exact
31,BERRRIOPLANO,0.04,1.0,31902,fuzzy
31,BERRIOZAR,0.04,1.0,31903,exact
31,BERTIZARANA,0.04,1.0,31054,exact
31,BETELU,0.04,1.0,31055,exact
31,BIDAURRETA,0.04,1.0,31253,exact
31,BIURRUN OLCOZ,0.04,1.0,31056,exact
31,BURGUI/BURGI,0.05,1.0,31059,exact
31,BURLADA/BURLATA,0.04,1.0,31060,exact
31,CASTILLONUEVO,0.05,1.0,31071,exact
31,CIRAUQUI,0.04,1.0,31074,exact
31,CIRIZA,0.04,1.0,31075,exact
31,CIZUR,0.04,1.0,31076,exact
31,DICASTILLO,0.04,1.0,31080,exact
31,DONAMARIA,0.04,1.0,31081,exact
31,DONEZTEBE/SANTESTEBAN,0.04,1.0,31221,exact
31,ECHARRI,0.04,1.0,31083,exact
31,EGÜÉS,0.04,1.0,31086,alias
31,ELGORRIAGA,0.04,1.0,31087,exact
31,ENÉRIZ,0.04,1.0,31089,exact
31,ERATSUN,0.04,1.0,31090,exact
31,ERGOIENA,0.04,1.0,31091,exact
31,ERRO,0.05,1.0,31092,exact
31,ESLAVA,0.04,1.0,31094,exact
31,ESPARZA DE SALAZAR,0.06,1.0,31095,exact
31,ESTELLA/LIZARRA,0.04,1.0,31097,exact
31,ESTERIBAR,0.04,1.0,31098,exact
31,ETAYO,0.04,1.0,31099,exact
31,ETXALAR,0.04,1.0,31082,exact
31,ETXARRI ARANATZ,0.04,1.0,31084,exact
31,ETXAURI,0.04,1.0,31085,exact
31,EULATE,0.04,1.0,31100,exact
31,EZCABARTE,0.04,1.0,31101,exact
31,EZCÁROZ/EZKAROZE,0.06,1.0,31093,exact
31,EZKURRA,0.04,1.0,31102,exact
31,EZPROGUI,0.04,1.0,31103,exact
31,GALAR,0.04,1.0,31109,exact
31,GALLUÉS/GALOZE,0.05,1.0,31111,exact
31,GARAIOA,0.05,1.0,31112,exact
31,GARDE,0.06,1.0,31113,exact
31,GARÍNOAIN,0.04,1.0,31114,exact
31,GARRALDA,0.05,1.0,31115,exact
31,GOIZUETA,0.04,1.0,31117,exact
31,GOÑI,0.04,1.0,31118,alias
31,GÜESA/GORZA,0.05,1.0,31119,exact
31,GUESÁLAZ,0.04,1.0,31120,exact
31,GUIRGUILLANO,0.04,1.0,31121,exact
31,HIRIBERRI/VILLANUEVA DE AEZKOA,0.05,1.0,31256,exact
31,HUARTE/UHARTE,0.04,1.0,31122,exact
31,IBARGOITI,0.04,1.0,31124,exact
31,IGANTZI,0.04,1.0,31259,exact
31,IGÚZQUIZA,0.04,1.0,31125,exact
31,IMOTZ,0.04,1.0,31126,exact
31,IRAÑETA,0.04,1.0,31127,exact
31,IRURTZUN,0.04,1.0,31904,exact
31,ISABA/IZABA,0.07,1.0,31128,exact
31,ITUREN,0.04,1.0,31129,exact
31,ITURMENDI,0.04,1.0,31130,exact
31,IZA,0.04,1.0,31131,exact
31,IZAGAONDOA,0.04,1.0,31132,exact
31,IZALZU/ITZALTZU,0.06,1.0,31133,exact
31,JAURRIETA,0.06,1.0,31134,exact
31,JAVIER,0.04,1.0,31135,exact
31,JUSLAPEÑA,0.04,1.0,31136,exact
31,LAKUNTZA,0.04,1.0,31138,exact
31,LANA,0.04,1.0,31139,exact
31,LANTZ,0.04,1.0,31140,exact
31,LARRAONA,0.04,1.0,31143,exact
31,LARRAUN,0.04,1.0,31144,exact
31,LEACHE,0.04,1.0,31146,exact
31,LEGARDA,0.04,1.0,31147,exact
31,LEGARIA,0.04,1.0,31148,exact
31,LEITZA,0.04,1.0,31149,exact
31,LEOZ,0.04,1.0,31150,exact
31,LERGA,0.04,1.0,31151,exact
31,LESAKA,0.04,1.0,31153,exact
31,LEZÁUN,0.04,1.0,31154,exact
31,LIÉDENA,0.04,1.0,31155,exact
31,LIZOÁIN,0.04,1.0,31156,alias
31,LÓNGUIDA/LONGIDA,0.04,1.0,31158,exact
31,LUMBIER,0.04,1.0,31159,exact
31,LUQUIN,0.04,1.0,31160,exact
31,LUZAIDE/VALCARLOS,0.05,1.0,31248,exact
31,MAÑERU,0.04,1.0,31161,exact
31,MENDAZA,0.04,1.0,31166,exact
31,MENDIGORRÍA,0.04,1.0,31167,exact
31,METAUTEN,0.04,1.0,31168,exact
31,MONREAL,0.04,1.0,31172,exact
31,MORENTIN,0.04,1.0,31174,exact
31,MURIETA,0.04,1.0,31177,exact
31,MURUZÁBAL,0.04,1.0,31180,exact
31,NAVASCUÉS,0.05,1.0,31181,exact
31,NAZAR,0.04,1.0,31182,exact
31,NOÁIN(VALLE DE ELORZ)/ NOAIN(ELORTZIBAR),0.04,1.0,31088,alias
31,OBANOS,0.04,1.0,31183,exact
31,OCHAGAVÍA,0.06,1.0,31185,exact
31,OCO,0.04,1.0,31184,exact
31,ODIETA,0.04,1.0,31186,exact
31,OITZ,0.04,1.0,31187,alias
31,OLAIBAR,0.04,1.0,31188,exact
31,OLAZTI/OLAZAGUTÍA,0.04,1.0,31189,exact
31,OLEJUA,0.04,1.0,31190,exact
31,OLLO,0.04,1.0,31194,alias
31,OLÓRIZ,0.04,1.0,31192,exact
31,OLZA,0.04,1.0,31193,alias
31,ORBAITZETA,0.05,1.0,31195,fuzzy
31,ORBARA,0.05,1.0,31196,exact
31,ORCOYEN,0.04,1.0,31906,alias
31,ORÍSOAIN,0.04,1.0,31197,exact
31,ORONZ,0.06,1.0,31198,exact
31,OROZ BETELU,0.05,1.0,31199,exact
31,ORREAGA/RONCESVALLES,0.05,1.0,31211,exact
31,OTEIZA,0.04,1.0,31200,exact
31,PAMPLONA/IRUÑA,0.04,1.0,31201,exact
31,PIEDRAMILLERA,0.04,1.0,31204,exact
31,PUENTE LA REINA/GARES,0.04,1.0,31206,exact
31,PUEYO,0.04,1.0,31207,exact
31,ROMANZADO,0.04,1.0,31209,exact
31,RONCAL/ERRONKARI,0.06,1.0,31210,exact
31,SADA,0.04,1.0,31212,exact
31,SALDÍAS,0.04,1.0,31213,exact
31,SALINAS DE ORO,0.04,1.0,31214,exact
31,SANGÜESA/ZANGOZA,0.04,1.0,31216,exact
31,SARRIÉS/SARTZE,0.05,1.0,31222,exact
31,SORLADA,0.04,1.0,31225,exact
31,SUNBILLA,0.04,1.0,31226,exact
31,TIEBAS MURUARTE DE RETA,0.04,1.0,31228,exact
31,TIRAPU,0.04,1.0,31229,exact
31,UCAR,0.04,1.0,31234,exact
31,UHARTE ARAKIL,0.04,1.0,31123,exact
31,ULTZAMA,0.04,1.0,31236,exact
31,UNCITI,0.04,1.0,31237,exact
31,UNZUÉ,0.04,1.0,31238,exact
31,URDAZUBI/URDAX,0.05,1.0,31239,exact
31,URDIAIN,0.04,1.0,31240,exact
31,URRAUL ALTO,0.05,1.0,31241,exact
31,URRAUL BAJO,0.04,1.0,31242,exact
31,URROTZ,0.04,1.0,31244,fuzzy
31,URROZ,0.04,1.0,31243,alias
31,URZAINQUI,0.06,1.0,31245,exact
31,UTERGA,0.04,1.0,31246,exact
31,UZTÁRROZ/UZTARROZE,0.07,1.0,31247,exact
31,VIDÁNGOZ/BIDANKOZE,0.05,1.0,31252,exact
31,VILLAMAYOR DE MONJARDÍN,0.04,1.0,31255,exact
31,VILLATUERTA,0.04,1.0,31257,exact
31,VILLAVA/ATARRABIA,0.04,1.0,31258,exact
31,YERRI,0.04,1.0,31260,alias
31,YESA,0.04,1.0,31261,exact
31,ZABALZA,0.04,1.0,31262,exact
31,ZIORDIA,0.04,1.0,31073,exact
31,ZUBIETA,0.04,1.0,31263,exact
31,ZUGARRAMURDI,0.05,1.0,31264,exact
31,ZÚÑIGA,0.04,1.0,31265,exact
01,ASPARRENA,0.04,1.0,01009,exact
01,HARANA/VALLE DE ARANA,0.04,1.0,01056,exact
01,ZALDUONDO,0.04,1.0,01061,exact
20,ABALTZISKETA,0.04,1.0,20001,exact
20,ADUNA,0.04,1.0,20002,exact
20,AIA,0.04,1.0,20016,exact
20,AIZARNAZABAL,0.04,1.0,20003,exact
20,ALBIZTUR,0.04,1.0,20004,exact
20,ALEGIA,0.04,1.0,20005,exact
20,ALKIZA,0.04,1.0,20006,exact
20,ALTZO,0.04,1.0,20007,exact
20,AMEZKETA,0.04,1.0,20008,exact
20,ANDOAIN,0.04,1.0,20009,exact
20,ANOETA,0.04,1.0,20010,exact
20,ANTZUOLA,0.04,1.0,20011,exact
20,ARAMA,0.04,1.0,20012,exact
20,ASTEASU,0.04,1.0,20014,exact
20,ASTIGARRAGA,0.04,1.0,20903,exact
20,ATAUN,0.04,1.0,20015,exact
20,AZKOITIA,0.04,1.0,20017,exact
20,AZPEITIA,0.04,1.0,20018,exact
20,BALIARRAIN,0.04,1.0,20904,exact
20,BEASAIN,0.04,1.0,20019,exact
20,BEIZAMA,0.04,1.0,20020,exact
20,BELAUNTZA,0.04,1.0,20021,exact
20,BERASTEGI,0.04,1.0,20022,exact
20,BERROBI,0.04,1.0,20023,exact
20,BIDEGOYAN,0.04,1.0,20024,alias
20,DEBA,0.04,1.0,20029,exact
20,DONOSITA SAN SEBASTIÁN,0.04,1.0,20069,fuzzy
20,ELDUAIN,0.04,1.0,20031,exact
20,ERRENTERIA,0.04,1.0,20067,exact
20,ERREZIL,0.04,1.0,20066,exact
20,EZKIO ITSASO,0.04,1.0,20035,exact
20,GABIRIA,0.04,1.0,20038,exact
20,GAINTZA,0.04,1.0,20037,exact
20,GAZTELU,0.04,1.0,20907,exact
20,GETARIA,0.04,1.0,20039,exact
20,HERNANI,0.04,1.0,20040,exact
20,HERNIALDE,0.04,1.0,20041,exact
20,HONDARRIBIA,0.04,1.0,20036,exact
20,IBARRA,0.04,1.0,20042,exact
20,IDIAZABAL,0.04,1.0,20043,exact
20,IKAZTEGIETA,0.04,1.0,20044,exact
20,IRUN,0.04,1.0,20045,exact
20,IRURA,0.04,1.0,20046,exact
20,ITSASONDO,0.04,1.0,20047,exact
20,LARRAUL,0.04,1.0,20048,exact
20,LASARTE ORIA,0.04,1.0,20902,exact
20,LAZKAO,0.04,1.0,20049,exact
20,LEABURU,0.04,1.0,20050,exact
20,LEGAZPI,0.04,1.0,20051,exact
20,LEGORRETA,0.04,1.0,20052,exact
20,LEZO,0.04,1.0,20053,exact
20,LIZARTZA,0.04,1.0,20054,exact
20,MUTILOA,0.04,1.0,20057,exact
20,OIARTZUN,0.04,1.0,20063,exact
20,OLABERRIA,0.04,1.0,20058,exact
20,ORDIZIA,0.04,1.0,20076,exact
20,ORENDAIN,0.04,1.0,20905,exact
20,OREXA,0.04,1.0,20060,exact
20,ORIO,0.04,1.0,20061,exact
20,ORMAIZTEGI,0.04,1.0,20062,exact
20,PASAIA,0.04,1.0,20064,exact
20,SEGURA,0.04,1.0,20070,exact
20,TOLOSA,0.04,1.0,20071,exact
20,URNIETA,0.04,1.0,20072,exact
20,URRETXU,0.04,1.0,20077,exact
20,USURBIL,0.04,1.0,20073,exact
20,VILLABONA,0.04,1.0,20075,exact
20,ZALDIBIA,0.04,1.0,20078,exact
20,ZARAUTZ,0.04,1.0,20079,exact
20,ZEGAMA,0.04,1.0,20025,exact
20,ZERAIN,0.04,1.0,20026,exact
20,ZESTOA,0.04,1.0,20027,exact
20,ZIZURKIL,0.04,1.0,20028,exact
20,ZUMAIA,0.04,1.0,20081,exact
20,ZUMARRAGA,0.04,1.0,20080,exact
51,CEUTA,0.05,1.2,51001,exact
52,MELILLA,0.08,1.0,52001,exact
